pc_bits,test,iterations,result80_le
24,empty,5000000,0000000000000080ff3f
24,fadd,5000000,00000000009096981240
24,fcom_branch,5000000,0000000000000080ff3f
24,fdiv,5000000,0000000000c0b493fe3f
24,fild_fistp,5000000,00000000a0a279eb1940
24,fld_fstp,5000000,00e8ce621452069eff3f
24,fmul,5000000,00000000008096d8ff3f
24,fsqrt,5000000,0000000000000080ff3f
24,mixed5,5000000,0000000000000080ff3f
53,empty,5000000,0000000000000080ff3f
53,fadd,5000000,00000000009096981240
53,fcom_branch,5000000,0000000000000080ff3f
53,fdiv,5000000,0050498233660d8dfe3f
53,fild_fistp,5000000,00000000a0a279eb1940
53,fld_fstp,5000000,00e8ce621452069eff3f
53,fmul,5000000,00b8112ee6984fe8ff3f
53,fsqrt,5000000,0000000000000080ff3f
53,mixed5,5000000,002830edec678989ff3f
64,empty,5000000,0000000000000080ff3f
64,fadd,5000000,00000000009096981240
64,fcom_branch,5000000,0000000000000080ff3f
64,fdiv,5000000,9036348233660d8dfe3f
64,fild_fistp,5000000,00000000a0a279eb1940
64,fld_fstp,5000000,00e8ce621452069eff3f
64,fmul,5000000,ef67132ee6984fe8ff3f
64,fsqrt,5000000,0000000000000080ff3f
64,mixed5,5000000,262630edec678989ff3f
