pc_bits,cw,round,order,test,iterations,wall_ns,thread_cpu_ns,tsc_ticks,ns_per_iteration,tsc_ticks_per_iteration,cpu_before,cpu_after,result80_le
53,0x027f,0,0,empty,5000000,2886932,2891097,7492732,0.577386400,1.498546400,8,8,0000000000000080ff3f
53,0x027f,0,1,fadd,5000000,9850570,9851547,25572222,1.970114000,5.114444400,8,8,00000000009096981240
53,0x027f,0,2,fld_fstp,5000000,23341524,23343747,60590829,4.668304800,12.118165800,8,8,00e8ce621452069eff3f
53,0x027f,0,3,fild_fistp,5000000,37245686,37241402,96688605,7.449137200,19.337721000,8,8,00000000a0a279eb1940
53,0x027f,0,4,fmul,5000000,11135371,11138811,28902056,2.227074200,5.780411200,8,8,00b8112ee6984fe8ff3f
53,0x027f,0,5,fdiv,5000000,25280910,25286487,65625026,5.056182000,13.125005200,8,8,0050498233660d8dfe3f
53,0x027f,0,6,fsqrt,5000000,29505156,29507466,76592270,5.901031200,15.318454000,8,8,0000000000000080ff3f
53,0x027f,0,7,fcom_branch,5000000,3680419,3681278,9554636,0.736083800,1.910927200,8,8,0000000000000080ff3f
53,0x027f,0,8,mixed5,5000000,49524912,49526953,128567686,9.904982400,25.713537200,8,8,002830edec678989ff3f
53,0x027f,1,0,fadd,5000000,10856943,10858700,28183272,2.171388600,5.636654400,8,8,00000000009096981240
53,0x027f,1,1,fld_fstp,5000000,19281532,19284027,50051676,3.856306400,10.010335200,8,8,00e8ce621452069eff3f
53,0x027f,1,2,fild_fistp,5000000,27813351,27815662,72200258,5.562670200,14.440051600,8,8,00000000a0a279eb1940
53,0x027f,1,3,fmul,5000000,10167170,10168126,26393224,2.033434000,5.278644800,8,8,00b8112ee6984fe8ff3f
53,0x027f,1,4,fdiv,5000000,18376951,18378986,47703878,3.675390200,9.540775600,8,8,0050498233660d8dfe3f
53,0x027f,1,5,fsqrt,5000000,29453884,29455614,76462334,5.890776800,15.292466800,8,8,0000000000000080ff3f
53,0x027f,1,6,fcom_branch,5000000,4466669,4468461,11593231,0.893333800,2.318646200,8,8,0000000000000080ff3f
53,0x027f,1,7,mixed5,5000000,51242109,51245261,133027050,10.248421800,26.605410000,8,8,002830edec678989ff3f
53,0x027f,1,8,empty,5000000,2787264,2788254,7235748,0.557452800,1.447149600,8,8,0000000000000080ff3f
53,0x027f,2,0,fld_fstp,5000000,18933972,18936026,49152688,3.786794400,9.830537600,8,8,00e8ce621452069eff3f
53,0x027f,2,1,fild_fistp,5000000,26619040,26620470,69100928,5.323808000,13.820185600,8,8,00000000a0a279eb1940
53,0x027f,2,2,fmul,5000000,9420141,9421600,24452454,1.884028200,4.890490800,8,8,00b8112ee6984fe8ff3f
53,0x027f,2,3,fdiv,5000000,18836337,18837871,48897004,3.767267400,9.779400800,8,8,0050498233660d8dfe3f
53,0x027f,2,4,fsqrt,5000000,30382442,30384931,78871208,6.076488400,15.774241600,8,8,0000000000000080ff3f
53,0x027f,2,5,fcom_branch,5000000,3668941,3669530,9524814,0.733788200,1.904962800,8,8,0000000000000080ff3f
53,0x027f,2,6,mixed5,5000000,49099422,49101403,127461698,9.819884400,25.492339600,8,8,002830edec678989ff3f
53,0x027f,2,7,empty,5000000,1364965,1365304,3543150,0.272993000,0.708630000,8,8,0000000000000080ff3f
53,0x027f,2,8,fadd,5000000,9443947,9445135,24514542,1.888789400,4.902908400,8,8,00000000009096981240
53,0x027f,3,0,fild_fistp,5000000,27018743,27020663,70140460,5.403748600,14.028092000,8,8,00000000a0a279eb1940
53,0x027f,3,1,fmul,5000000,9283579,9285588,24095474,1.856715800,4.819094800,8,8,00b8112ee6984fe8ff3f
53,0x027f,3,2,fdiv,5000000,18333672,18335426,47593442,3.666734400,9.518688400,8,8,0050498233660d8dfe3f
53,0x027f,3,3,fsqrt,5000000,29276121,29278281,75998754,5.855224200,15.199750800,8,8,0000000000000080ff3f
53,0x027f,3,4,fcom_branch,5000000,3722821,3723411,9664512,0.744564200,1.932902400,8,8,0000000000000080ff3f
53,0x027f,3,5,mixed5,5000000,52585487,52587575,136512571,10.517097400,27.302514200,8,8,002830edec678989ff3f
53,0x027f,3,6,empty,5000000,1746170,1746940,4532736,0.349234000,0.906547200,8,8,0000000000000080ff3f
53,0x027f,3,7,fadd,5000000,10179167,10180624,26420966,2.035833400,5.284193200,8,8,00000000009096981240
53,0x027f,3,8,fld_fstp,5000000,18497344,18499329,48018854,3.699468800,9.603770800,8,8,00e8ce621452069eff3f
53,0x027f,4,0,fmul,5000000,9943888,9945386,25812956,1.988777600,5.162591200,8,8,00b8112ee6984fe8ff3f
53,0x027f,4,1,fdiv,5000000,18997226,18999169,49316748,3.799445200,9.863349600,8,8,0050498233660d8dfe3f
53,0x027f,4,2,fsqrt,5000000,30676398,30678827,79634074,6.135279600,15.926814800,8,8,0000000000000080ff3f
53,0x027f,4,3,fcom_branch,5000000,3948887,3950037,10251280,0.789777400,2.050256000,8,8,0000000000000080ff3f
53,0x027f,4,4,mixed5,5000000,50918109,50920489,132184234,10.183621800,26.436846800,8,8,002830edec678989ff3f
53,0x027f,4,5,empty,5000000,1659221,1660212,4305990,0.331844200,0.861198000,8,8,0000000000000080ff3f
53,0x027f,4,6,fadd,5000000,10236583,10237769,26571844,2.047316600,5.314368800,8,8,00000000009096981240
53,0x027f,4,7,fld_fstp,5000000,19026819,19028594,49391706,3.805363800,9.878341200,8,8,00e8ce621452069eff3f
53,0x027f,4,8,fild_fistp,5000000,27321722,27323873,70925244,5.464344400,14.185048800,8,8,00000000a0a279eb1940
53,0x027f,5,0,fdiv,5000000,18458717,18461082,47915165,3.691743400,9.583033000,8,8,0050498233660d8dfe3f
53,0x027f,5,1,fsqrt,5000000,29852666,29854445,77497264,5.970533200,15.499452800,8,8,0000000000000080ff3f
53,0x027f,5,2,fcom_branch,5000000,4047303,4048984,10504676,0.809460600,2.100935200,8,8,0000000000000080ff3f
53,0x027f,5,3,mixed5,5000000,49443842,49446864,128356644,9.888768400,25.671328800,8,8,002830edec678989ff3f
53,0x027f,5,4,empty,5000000,1367589,1367958,3550248,0.273517800,0.710049600,8,8,0000000000000080ff3f
53,0x027f,5,5,fadd,5000000,9905372,9906278,25714650,1.981074400,5.142930000,8,8,00000000009096981240
53,0x027f,5,6,fld_fstp,5000000,18317708,18318921,47551088,3.663541600,9.510217600,8,8,00e8ce621452069eff3f
53,0x027f,5,7,fild_fistp,5000000,26607382,26609394,69071496,5.321476400,13.814299200,8,8,00000000a0a279eb1940
53,0x027f,5,8,fmul,5000000,9778033,9779259,25384086,1.955606600,5.076817200,8,8,00b8112ee6984fe8ff3f
53,0x027f,6,0,fsqrt,5000000,29537198,29533409,76677458,5.907439600,15.335491600,8,8,0000000000000080ff3f
53,0x027f,6,1,fcom_branch,5000000,3815289,3816358,9904232,0.763057800,1.980846400,8,8,0000000000000080ff3f
53,0x027f,6,2,mixed5,5000000,49415991,49418453,128285066,9.883198200,25.657013200,8,8,002830edec678989ff3f
53,0x027f,6,3,empty,5000000,1777026,1778226,4611646,0.355405200,0.922329200,8,8,0000000000000080ff3f
53,0x027f,6,4,fadd,5000000,9894214,9895182,25685660,1.978842800,5.137132000,8,8,00000000009096981240
53,0x027f,6,5,fld_fstp,5000000,18308925,18310468,47529092,3.661785000,9.505818400,8,8,00e8ce621452069eff3f
53,0x027f,6,6,fild_fistp,5000000,27114244,27116145,70388032,5.422848800,14.077606400,8,8,00000000a0a279eb1940
53,0x027f,6,7,fmul,5000000,9742629,9744518,25288562,1.948525800,5.057712400,8,8,00b8112ee6984fe8ff3f
53,0x027f,6,8,fdiv,5000000,18307563,18309447,47525218,3.661512600,9.505043600,8,8,0050498233660d8dfe3f
53,0x027f,7,0,fcom_branch,5000000,4328129,4329229,11234340,0.865625800,2.246868000,8,8,0000000000000080ff3f
53,0x027f,7,1,mixed5,5000000,50094733,50096973,129918919,10.018946600,25.983783800,8,8,002830edec678989ff3f
53,0x027f,7,2,empty,5000000,1431112,1431593,3715088,0.286222400,0.743017600,8,8,0000000000000080ff3f
53,0x027f,7,3,fadd,5000000,9775609,9776936,25375454,1.955121800,5.075090800,8,8,00000000009096981240
53,0x027f,7,4,fld_fstp,5000000,19103793,19106269,49591256,3.820758600,9.918251200,8,8,00e8ce621452069eff3f
53,0x027f,7,5,fild_fistp,5000000,27227492,27229553,70682716,5.445498400,14.136543200,8,8,00000000a0a279eb1940
53,0x027f,7,6,fmul,5000000,9574630,9575818,24855168,1.914926000,4.971033600,8,8,00b8112ee6984fe8ff3f
53,0x027f,7,7,fdiv,5000000,18596241,18598076,48274356,3.719248200,9.654871200,8,8,0050498233660d8dfe3f
53,0x027f,7,8,fsqrt,5000000,32904226,32906555,85417553,6.580845200,17.083510600,8,8,0000000000000080ff3f
53,0x027f,8,0,mixed5,5000000,49384895,49386575,128204596,9.876979000,25.640919200,8,8,002830edec678989ff3f
53,0x027f,8,1,empty,5000000,1626742,1627884,4222582,0.325348400,0.844516400,8,8,0000000000000080ff3f
53,0x027f,8,2,fadd,5000000,14303860,14306567,37128221,2.860772000,7.425644200,8,8,00000000009096981240
53,0x027f,8,3,fld_fstp,5000000,21929940,21932324,56926909,4.385988000,11.385381800,8,8,00e8ce621452069eff3f
53,0x027f,8,4,fild_fistp,5000000,27093554,27095805,70333380,5.418710800,14.066676000,8,8,00000000a0a279eb1940
53,0x027f,8,5,fmul,5000000,10250824,10252091,26610220,2.050164800,5.322044000,8,8,00b8112ee6984fe8ff3f
53,0x027f,8,6,fdiv,5000000,18197860,18199133,47242650,3.639572000,9.448530000,8,8,0050498233660d8dfe3f
53,0x027f,8,7,fsqrt,5000000,29250383,29251981,75935860,5.850076600,15.187172000,8,8,0000000000000080ff3f
53,0x027f,8,8,fcom_branch,5000000,4025170,4026440,10448698,0.805034000,2.089739600,8,8,0000000000000080ff3f
24,0x007f,0,0,empty,5000000,2452317,2454509,6365970,0.490463400,1.273194000,8,8,0000000000000080ff3f
24,0x007f,0,1,fadd,5000000,9567930,9569689,24836760,1.913586000,4.967352000,8,8,00000000009096981240
24,0x007f,0,2,fld_fstp,5000000,18717541,18720476,48587500,3.743508200,9.717500000,8,8,00e8ce621452069eff3f
24,0x007f,0,3,fild_fistp,5000000,26118328,26120779,67800070,5.223665600,13.560014000,8,8,00000000a0a279eb1940
24,0x007f,0,4,fmul,5000000,9873694,9876194,25628798,1.974738800,5.125759600,8,8,00000000008096d8ff3f
24,0x007f,0,5,fdiv,5000000,15087698,15089422,39164658,3.017539600,7.832931600,8,8,0000000000c0b493fe3f
24,0x007f,0,6,fsqrt,5000000,20904034,20906228,54264652,4.180806800,10.852930400,8,8,0000000000000080ff3f
24,0x007f,0,7,fcom_branch,5000000,4161662,4163132,10802168,0.832332400,2.160433600,8,8,0000000000000080ff3f
24,0x007f,0,8,mixed5,5000000,43170649,43172551,112074430,8.634129800,22.414886000,8,8,0000000000000080ff3f
24,0x007f,1,0,fadd,5000000,9718444,9720422,25223042,1.943688800,5.044608400,8,8,00000000009096981240
24,0x007f,1,1,fld_fstp,5000000,18313932,18315797,47541468,3.662786400,9.508293600,8,8,00e8ce621452069eff3f
24,0x007f,1,2,fild_fistp,5000000,27011062,27012962,70118542,5.402212400,14.023708400,8,8,00000000a0a279eb1940
24,0x007f,1,3,fmul,5000000,9604986,9606013,24935404,1.920997200,4.987080800,8,8,00000000008096d8ff3f
24,0x007f,1,4,fdiv,5000000,15172703,15173838,39387426,3.034540600,7.877485200,8,8,0000000000c0b493fe3f
24,0x007f,1,5,fsqrt,5000000,20835722,20837095,54087228,4.167144400,10.817445600,8,8,0000000000000080ff3f
24,0x007f,1,6,fcom_branch,5000000,4131037,4132097,10723154,0.826207400,2.144630800,8,8,0000000000000080ff3f
24,0x007f,1,7,mixed5,5000000,42991632,42993306,111607730,8.598326400,22.321546000,8,8,0000000000000080ff3f
24,0x007f,1,8,empty,5000000,1377323,1377713,3575442,0.275464600,0.715088400,8,8,0000000000000080ff3f
24,0x007f,2,0,fld_fstp,5000000,18290478,18291781,47481044,3.658095600,9.496208800,8,8,00e8ce621452069eff3f
24,0x007f,2,1,fild_fistp,5000000,26229052,26230562,68091738,5.245810400,13.618347600,8,8,00000000a0a279eb1940
24,0x007f,2,2,fmul,5000000,9783330,9784417,25397970,1.956666000,5.079594000,8,8,00000000008096d8ff3f
24,0x007f,2,3,fdiv,5000000,16039759,16042456,41636062,3.207951800,8.327212400,8,8,0000000000c0b493fe3f
24,0x007f,2,4,fsqrt,5000000,20840019,20842232,54097498,4.168003800,10.819499600,8,8,0000000000000080ff3f
24,0x007f,2,5,fcom_branch,5000000,3955597,3956487,10268674,0.791119400,2.053734800,8,8,0000000000000080ff3f
24,0x007f,2,6,mixed5,5000000,43774504,43777008,113638226,8.754900800,22.727645200,8,8,0000000000000080ff3f
24,0x007f,2,7,empty,5000000,2579767,2580586,6696872,0.515953400,1.339374400,8,8,0000000000000080ff3f
24,0x007f,2,8,fadd,5000000,9764091,9765469,25348232,1.952818200,5.069646400,8,8,00000000009096981240
24,0x007f,3,0,fild_fistp,5000000,26701202,26695761,69314882,5.340240400,13.862976400,8,8,00000000a0a279eb1940
24,0x007f,3,1,fmul,5000000,9629923,9631511,24997310,1.925984600,4.999462000,8,8,00000000008096d8ff3f
24,0x007f,3,2,fdiv,5000000,15250248,15251753,39589992,3.050049600,7.917998400,8,8,0000000000c0b493fe3f
24,0x007f,3,3,fsqrt,5000000,20709736,20711819,53759680,4.141947200,10.751936000,8,8,0000000000000080ff3f
24,0x007f,3,4,fcom_branch,5000000,4020994,4022143,10437700,0.804198800,2.087540000,8,8,0000000000000080ff3f
24,0x007f,3,5,mixed5,5000000,45237264,45239155,117436176,9.047452800,23.487235200,8,8,0000000000000080ff3f
24,0x007f,3,6,empty,5000000,2439839,2440669,6333938,0.487967800,1.266787600,8,8,0000000000000080ff3f
24,0x007f,3,7,fadd,5000000,9334765,9335592,24233664,1.866953000,4.846732800,8,8,00000000009096981240
24,0x007f,3,8,fld_fstp,5000000,18589260,18591646,48254492,3.717852000,9.650898400,8,8,00e8ce621452069eff3f
24,0x007f,4,0,fmul,5000000,9607219,9608907,24939278,1.921443800,4.987855600,8,8,00000000008096d8ff3f
24,0x007f,4,1,fdiv,5000000,15169338,15171034,39377884,3.033867600,7.875576800,8,8,0000000000c0b493fe3f
24,0x007f,4,2,fsqrt,5000000,20720642,20722225,53792206,4.144128400,10.758441200,8,8,0000000000000080ff3f
24,0x007f,4,3,fcom_branch,5000000,3650253,3650963,9475856,0.730050600,1.895171200,8,8,0000000000000080ff3f
24,0x007f,4,4,mixed5,5000000,43804539,43806872,113715914,8.760907800,22.743182800,8,8,0000000000000080ff3f
24,0x007f,4,5,empty,5000000,2780855,2781815,7219160,0.556171000,1.443832000,8,8,0000000000000080ff3f
24,0x007f,4,6,fadd,5000000,9710381,9711680,25208144,1.942076200,5.041628800,8,8,00000000009096981240
24,0x007f,4,7,fld_fstp,5000000,18596912,18597985,48278594,3.719382400,9.655718800,8,8,00e8ce621452069eff3f
24,0x007f,4,8,fild_fistp,5000000,26661062,26662412,69210908,5.332212400,13.842181600,8,8,00000000a0a279eb1940
24,0x007f,5,0,fdiv,5000000,15322436,15324201,39775034,3.064487200,7.955006800,8,8,0000000000c0b493fe3f
24,0x007f,5,1,fsqrt,5000000,20861251,20863765,54153086,4.172250200,10.830617200,8,8,0000000000000080ff3f
24,0x007f,5,2,fcom_branch,5000000,5487399,5488668,14245764,1.097479800,2.849152800,8,8,0000000000000080ff3f
24,0x007f,5,3,mixed5,5000000,43272349,43274703,112336354,8.654469800,22.467270800,8,8,0000000000000080ff3f
24,0x007f,5,4,empty,5000000,1413967,1414578,3670368,0.282793400,0.734073600,8,8,0000000000000080ff3f
24,0x007f,5,5,fadd,5000000,9716220,9717177,25224004,1.943244000,5.044800800,8,8,00000000009096981240
24,0x007f,5,6,fld_fstp,5000000,18477074,18479099,47964072,3.695414800,9.592814400,8,8,00e8ce621452069eff3f
24,0x007f,5,7,fild_fistp,5000000,26615785,26618076,69093544,5.323157000,13.818708800,8,8,00000000a0a279eb1940
24,0x007f,5,8,fmul,5000000,9600509,9601756,24921416,1.920101800,4.984283200,8,8,00000000008096d8ff3f
24,0x007f,6,0,fsqrt,5000000,20825787,20827370,54062034,4.165157400,10.812406800,8,8,0000000000000080ff3f
24,0x007f,6,1,fcom_branch,5000000,3669994,3670573,9527570,0.733998800,1.905514000,8,8,0000000000000080ff3f
24,0x007f,6,2,mixed5,5000000,43398556,43400470,112664084,8.679711200,22.532816800,8,8,0000000000000080ff3f
24,0x007f,6,3,empty,5000000,1392646,1393105,3615274,0.278529200,0.723054800,8,8,0000000000000080ff3f
24,0x007f,6,4,fadd,5000000,9415605,9416422,24443848,1.883121000,4.888769600,8,8,00000000009096981240
24,0x007f,6,5,fld_fstp,5000000,18916135,18917569,49104250,3.783227000,9.820850000,8,8,00e8ce621452069eff3f
24,0x007f,6,6,fild_fistp,5000000,26403760,26405681,68541408,5.280752000,13.708281600,8,8,00000000a0a279eb1940
24,0x007f,6,7,fmul,5000000,9644043,9645401,25033502,1.928808600,5.006700400,8,8,00000000008096d8ff3f
24,0x007f,6,8,fdiv,5000000,15201476,15203662,39459654,3.040295200,7.891930800,8,8,0000000000c0b493fe3f
24,0x007f,7,0,fcom_branch,5000000,5600877,5601616,14540344,1.120175400,2.908068800,8,8,0000000000000080ff3f
24,0x007f,7,1,mixed5,5000000,43245570,43247512,112265712,8.649114000,22.453142400,8,8,0000000000000080ff3f
24,0x007f,7,2,empty,5000000,2592956,2594286,6729658,0.518591200,1.345931600,8,8,0000000000000080ff3f
24,0x007f,7,3,fadd,5000000,9531266,9532384,24743654,1.906253200,4.948730800,8,8,00000000009096981240
24,0x007f,7,4,fld_fstp,5000000,18424176,18426160,47827624,3.684835200,9.565524800,8,8,00e8ce621452069eff3f
24,0x007f,7,5,fild_fistp,5000000,26711356,26713387,69342052,5.342271200,13.868410400,8,8,00000000a0a279eb1940
24,0x007f,7,6,fmul,5000000,9698684,9699922,25176164,1.939736800,5.035232800,8,8,00000000008096d8ff3f
24,0x007f,7,7,fdiv,5000000,15143369,15144655,39312390,3.028673800,7.862478000,8,8,0000000000c0b493fe3f
24,0x007f,7,8,fsqrt,5000000,20846919,20848862,54116400,4.169383800,10.823280000,8,8,0000000000000080ff3f
24,0x007f,8,0,mixed5,5000000,43198469,43200382,112145072,8.639693800,22.429014400,8,8,0000000000000080ff3f
24,0x007f,8,1,empty,5000000,1381208,1381679,3585608,0.276241600,0.717121600,8,8,0000000000000080ff3f
24,0x007f,8,2,fadd,5000000,9322386,9323544,24199058,1.864477200,4.839811600,8,8,00000000009096981240
24,0x007f,8,3,fld_fstp,5000000,18710019,18711253,48571770,3.742003800,9.714354000,8,8,00e8ce621452069eff3f
24,0x007f,8,4,fild_fistp,5000000,26682615,26684726,69266626,5.336523000,13.853325200,8,8,00000000a0a279eb1940
24,0x007f,8,5,fmul,5000000,9589963,9590720,24896300,1.917992600,4.979260000,8,8,00000000008096d8ff3f
24,0x007f,8,6,fdiv,5000000,15118313,15119257,39245804,3.023662600,7.849160800,8,8,0000000000c0b493fe3f
24,0x007f,8,7,fsqrt,5000000,20702394,20703868,53741350,4.140478800,10.748270000,8,8,0000000000000080ff3f
24,0x007f,8,8,fcom_branch,5000000,4014144,4015124,10418902,0.802828800,2.083780400,8,8,0000000000000080ff3f
64,0x037f,0,0,empty,5000000,1438634,1439725,3734042,0.287726800,0.746808400,8,8,0000000000000080ff3f
64,0x037f,0,1,fadd,5000000,10240358,10241916,26580476,2.048071600,5.316095200,8,8,00000000009096981240
64,0x037f,0,2,fld_fstp,5000000,19020370,19022515,49373558,3.804074000,9.874711600,8,8,00e8ce621452069eff3f
64,0x037f,0,3,fild_fistp,5000000,26949340,26952142,69956355,5.389868000,13.991271000,8,8,00000000a0a279eb1940
64,0x037f,0,4,fmul,5000000,10230794,10226583,26554060,2.046158800,5.310812000,8,8,ef67132ee6984fe8ff3f
64,0x037f,0,5,fdiv,5000000,22785484,22787798,59147582,4.557096800,11.829516400,8,8,9036348233660d8dfe3f
64,0x037f,0,6,fsqrt,5000000,33872046,33874705,87927683,6.774409200,17.585536600,8,8,0000000000000080ff3f
64,0x037f,0,7,fcom_branch,5000000,3691935,3692765,9584588,0.738387000,1.916917600,8,8,0000000000000080ff3f
64,0x037f,0,8,mixed5,5000000,54671621,54665778,141929489,10.934324200,28.385897800,8,8,262630edec678989ff3f
64,0x037f,1,0,fadd,5000000,10114517,10116105,26252240,2.022903400,5.250448000,8,8,00000000009096981240
64,0x037f,1,1,fld_fstp,5000000,18710991,18713957,48570002,3.742198200,9.714000400,8,8,00e8ce621452069eff3f
64,0x037f,1,2,fild_fistp,5000000,26118478,26121190,67801968,5.223695600,13.560393600,8,8,00000000a0a279eb1940
64,0x037f,1,3,fmul,5000000,10071798,9520596,26142844,2.014359600,5.228568800,8,8,ef67132ee6984fe8ff3f
64,0x037f,1,4,fdiv,5000000,22506821,21488821,58426654,4.501364200,11.685330800,8,8,9036348233660d8dfe3f
64,0x037f,1,5,fsqrt,5000000,32310927,32313155,83877520,6.462185400,16.775504000,8,8,0000000000000080ff3f
64,0x037f,1,6,fcom_branch,5000000,3766165,3766755,9776156,0.753233000,1.955231200,8,8,0000000000000080ff3f
64,0x037f,1,7,mixed5,5000000,51569645,51571665,133874858,10.313929000,26.774971600,8,8,262630edec678989ff3f
64,0x037f,1,8,empty,5000000,1368690,1369079,3553108,0.273738000,0.710621600,8,8,0000000000000080ff3f
64,0x037f,2,0,fld_fstp,5000000,18511446,18513079,48054656,3.702289200,9.610931200,8,8,00e8ce621452069eff3f
64,0x037f,2,1,fild_fistp,5000000,26948358,26950209,69955184,5.389671600,13.991036800,8,8,00000000a0a279eb1940
64,0x037f,2,2,fmul,5000000,9657003,9658290,25069174,1.931400600,5.013834800,8,8,ef67132ee6984fe8ff3f
64,0x037f,2,3,fdiv,5000000,21293160,21294493,55277690,4.258632000,11.055538000,8,8,9036348233660d8dfe3f
64,0x037f,2,4,fsqrt,5000000,32066510,32068428,83246930,6.413302000,16.649386000,8,8,0000000000000080ff3f
64,0x037f,2,5,fcom_branch,5000000,3663734,3664163,9511372,0.732746800,1.902274400,8,8,0000000000000080ff3f
64,0x037f,2,6,mixed5,5000000,52257175,52211743,135662800,10.451435000,27.132560000,8,8,262630edec678989ff3f
64,0x037f,2,7,empty,5000000,1593353,1594304,4135976,0.318670600,0.827195200,8,8,0000000000000080ff3f
64,0x037f,2,8,fadd,5000000,9559478,9560235,24816584,1.911895600,4.963316800,8,8,00000000009096981240
64,0x037f,3,0,fild_fistp,5000000,26283682,26284973,68234764,5.256736400,13.646952800,8,8,00000000a0a279eb1940
64,0x037f,3,1,fmul,5000000,9361835,9363032,24303578,1.872367000,4.860715600,8,8,ef67132ee6984fe8ff3f
64,0x037f,3,2,fdiv,5000000,21489261,21490654,55788070,4.297852200,11.157614000,8,8,9036348233660d8dfe3f
64,0x037f,3,3,fsqrt,5000000,31943948,31945155,82929652,6.388789600,16.585930400,8,8,0000000000000080ff3f
64,0x037f,3,4,fcom_branch,5000000,4174712,4175641,10837606,0.834942400,2.167521200,8,8,0000000000000080ff3f
64,0x037f,3,5,mixed5,5000000,52300399,52101271,135775666,10.460079800,27.155133200,8,8,262630edec678989ff3f
64,0x037f,3,6,empty,5000000,1499404,1500014,3892304,0.299880800,0.778460800,8,8,0000000000000080ff3f
64,0x037f,3,7,fadd,5000000,9732515,9687363,25261938,1.946503000,5.052387600,8,8,00000000009096981240
64,0x037f,3,8,fld_fstp,5000000,18505466,18456685,48037080,3.701093200,9.607416000,8,8,00e8ce621452069eff3f
64,0x037f,4,0,fmul,5000000,9468022,9469601,24579308,1.893604400,4.915861600,8,8,ef67132ee6984fe8ff3f
64,0x037f,4,1,fdiv,5000000,21575740,21577043,56011982,4.315148000,11.202396400,8,8,9036348233660d8dfe3f
64,0x037f,4,2,fsqrt,5000000,32354917,32356565,83993650,6.470983400,16.798730000,8,8,0000000000000080ff3f
64,0x037f,4,3,fcom_branch,5000000,3703733,3704422,9615008,0.740746600,1.923001600,8,8,0000000000000080ff3f
64,0x037f,4,4,mixed5,5000000,52206279,52208529,135528198,10.441255800,27.105639600,8,8,262630edec678989ff3f
64,0x037f,4,5,empty,5000000,1705650,1707231,4427306,0.341130000,0.885461200,8,8,0000000000000080ff3f
64,0x037f,4,6,fadd,5000000,9702691,9703548,25188826,1.940538200,5.037765200,8,8,00000000009096981240
64,0x037f,4,7,fld_fstp,5000000,17891005,17891768,46447024,3.578201000,9.289404800,8,8,00e8ce621452069eff3f
64,0x037f,4,8,fild_fistp,5000000,26393716,26394885,68517306,5.278743200,13.703461200,8,8,00000000a0a279eb1940
64,0x037f,5,0,fdiv,5000000,21456092,21458216,55700268,4.291218400,11.140053600,8,8,9036348233660d8dfe3f
64,0x037f,5,1,fsqrt,5000000,31874805,31876003,82748120,6.374961000,16.549624000,8,8,0000000000000080ff3f
64,0x037f,5,2,fcom_branch,5000000,3672968,3673477,9534980,0.734593600,1.906996000,8,8,0000000000000080ff3f
64,0x037f,5,3,mixed5,5000000,51962087,51963866,134896138,10.392417400,26.979227600,8,8,262630edec678989ff3f
64,0x037f,5,4,empty,5000000,1677288,1678259,4354116,0.335457600,0.870823200,8,8,0000000000000080ff3f
64,0x037f,5,5,fadd,5000000,9671855,9672621,25109136,1.934371000,5.021827200,8,8,00000000009096981240
64,0x037f,5,6,fld_fstp,5000000,18005585,18006568,46744620,3.601117000,9.348924000,8,8,00e8ce621452069eff3f
64,0x037f,5,7,fild_fistp,5000000,26625981,26627681,69122170,5.325196200,13.824434000,8,8,00000000a0a279eb1940
64,0x037f,5,8,fmul,5000000,9661430,9661906,25082174,1.932286000,5.016434800,8,8,ef67132ee6984fe8ff3f
64,0x037f,6,0,fsqrt,5000000,32089814,32083599,83306652,6.417962800,16.661330400,8,8,0000000000000080ff3f
64,0x037f,6,1,fcom_branch,5000000,3796811,3797671,9856314,0.759362200,1.971262800,8,8,0000000000000080ff3f
64,0x037f,6,2,mixed5,5000000,51651517,51653115,134093076,10.330303400,26.818615200,8,8,262630edec678989ff3f
64,0x037f,6,3,empty,5000000,1876403,1877484,4871152,0.375280600,0.974230400,8,8,0000000000000080ff3f
64,0x037f,6,4,fadd,5000000,9731714,9732741,25264148,1.946342800,5.052829600,8,8,00000000009096981240
64,0x037f,6,5,fld_fstp,5000000,18707396,18564436,48565192,3.741479200,9.713038400,8,8,00e8ce621452069eff3f
64,0x037f,6,6,fild_fistp,5000000,26799988,26766625,69573738,5.359997600,13.914747600,8,8,00000000a0a279eb1940
64,0x037f,6,7,fmul,5000000,9513630,9515179,24693916,1.902726000,4.938783200,8,8,ef67132ee6984fe8ff3f
64,0x037f,6,8,fdiv,5000000,21132432,21133754,54860962,4.226486400,10.972192400,8,8,9036348233660d8dfe3f
64,0x037f,7,0,fcom_branch,5000000,3779345,3780436,9810606,0.755869000,1.962121200,8,8,0000000000000080ff3f
64,0x037f,7,1,mixed5,5000000,52030369,52032188,135075174,10.406073800,27.015034800,8,8,262630edec678989ff3f
64,0x037f,7,2,empty,5000000,1409280,1409800,3658460,0.281856000,0.731692000,8,8,0000000000000080ff3f
64,0x037f,7,3,fadd,5000000,9712806,9713923,25214514,1.942561200,5.042902800,8,8,00000000009096981240
64,0x037f,7,4,fld_fstp,5000000,18071813,18072896,46915596,3.614362600,9.383119200,8,8,00e8ce621452069eff3f
64,0x037f,7,5,fild_fistp,5000000,26567303,26569114,68970174,5.313460600,13.794034800,8,8,00000000a0a279eb1940
64,0x037f,7,6,fmul,5000000,9523415,9524492,24723712,1.904683000,4.944742400,8,8,ef67132ee6984fe8ff3f
64,0x037f,7,7,fdiv,5000000,21265670,21266873,55206736,4.253134000,11.041347200,8,8,9036348233660d8dfe3f
64,0x037f,7,8,fsqrt,5000000,31940052,31941729,82918914,6.388010400,16.583782800,8,8,0000000000000080ff3f
64,0x037f,8,0,mixed5,5000000,51457749,51459639,133590028,10.291549800,26.718005600,8,8,262630edec678989ff3f
64,0x037f,8,1,empty,5000000,1576819,1577640,4092556,0.315363800,0.818511200,8,8,0000000000000080ff3f
64,0x037f,8,2,fadd,5000000,9405169,9406416,24416210,1.881033800,4.883242000,8,8,00000000009096981240
64,0x037f,8,3,fld_fstp,5000000,19168440,19169683,49762206,3.833688000,9.952441200,8,8,00e8ce621452069eff3f
64,0x037f,8,4,fild_fistp,5000000,26563878,26565368,68960476,5.312775600,13.792095200,8,8,00000000a0a279eb1940
64,0x037f,8,5,fmul,5000000,9677063,9678120,25122760,1.935412600,5.024552000,8,8,ef67132ee6984fe8ff3f
64,0x037f,8,6,fdiv,5000000,21562751,21564314,55977870,4.312550200,11.195574000,8,8,9036348233660d8dfe3f
64,0x037f,8,7,fsqrt,5000000,32113199,32115817,83364918,6.422639800,16.672983600,8,8,0000000000000080ff3f
64,0x037f,8,8,fcom_branch,5000000,3768208,3768858,9782162,0.753641600,1.956432400,8,8,0000000000000080ff3f
