pc_bits,test,samples,min_ns_per_iteration,median_ns_per_iteration,max_ns_per_iteration,median_tsc_ticks_per_iteration,min_thread_cpu_over_wall,median_thread_cpu_over_wall,max_thread_cpu_over_wall,result80_le
24,empty,18,0.273557800,0.286877500,0.556171000,0.744668600,1.000283158,1.000422879,1.001125131,0000000000000080ff3f
24,fadd,18,1.864477200,1.937995200,3.550120400,5.031114400,1.000054548,1.000132468,1.000208207,00000000009096981240
24,fcom_branch,18,0.730050600,0.829269900,1.120175400,2.152532200,1.000131944,1.000231991,1.000403630,0000000000000080ff3f
24,fdiv,18,3.017539600,3.078406800,3.308014200,7.991646000,1.000062441,1.000112735,1.000168145,0000000000c0b493fe3f
24,fild_fistp,18,5.223665600,5.341255800,6.440552200,13.865693400,0.999796226,1.000071548,1.000103049,00000000a0a279eb1940
24,fld_fstp,18,3.658095600,3.718617200,4.084233600,9.653308600,1.000057698,1.000104760,1.000156805,00e8ce621452069eff3f
24,fmul,18,1.889863000,1.937484500,2.294399000,5.029624600,0.999638322,1.000123457,1.000253198,00000000008096d8ff3f
24,fsqrt,18,4.139782000,4.168693800,5.396995600,10.821389800,1.000043577,1.000095939,1.000685371,0000000000000080ff3f
24,mixed5,18,8.577696000,8.751212300,9.431854800,22.718129200,0.998673371,1.000048354,1.000080251,0000000000000080ff3f
53,empty,18,0.272993000,0.340539100,0.577386400,0.883872600,0.994426128,1.000446987,1.001442708,0000000000000080ff3f
53,fadd,18,1.826420800,1.974478400,2.860772000,5.125788200,0.919823416,1.000140243,1.000295770,00000000009096981240
53,fcom_branch,18,0.733788200,0.776417600,1.089980600,2.015551200,1.000062095,1.000285051,1.000455115,0000000000000080ff3f
53,fdiv,18,3.606997600,3.683566800,5.056182000,9.561904300,0.984529045,1.000102593,1.000220601,0050498233660d8dfe3f
53,fild_fistp,18,5.279748600,5.434173600,7.449137200,14.107074800,0.937835953,1.000077212,1.000116437,00000000a0a279eb1940
53,fld_fstp,18,3.661785000,3.845211000,5.073974400,9.981488400,0.949259741,1.000107897,1.000195307,00e8ce621452069eff3f
53,fmul,18,1.817611800,1.963880800,2.227074200,5.098223000,0.975649433,1.000172107,1.000732568,00b8112ee6984fe8ff3f
53,fsqrt,18,5.773136400,5.949608100,6.781948600,15.445001000,0.913390340,1.000075211,1.000101920,0000000000000080ff3f
53,mixed5,18,9.808403200,9.957624600,10.811500000,25.850198400,0.999898157,1.000043482,1.000061512,002830edec678989ff3f
64,empty,18,0.273493600,0.292712200,0.582369600,0.759759000,1.000275209,1.000480379,1.000926919,0000000000000080ff3f
64,fadd,18,1.876354800,1.944452000,2.123501400,5.047645200,0.995360706,1.000125056,1.000245726,00000000009096981240
64,fcom_branch,18,0.732746800,0.757615600,1.105127200,1.966692000,1.000117094,1.000220426,1.000436836,0000000000000080ff3f
64,fdiv,18,4.131023000,4.293332600,4.557096800,11.145217200,0.954769268,1.000074813,1.000115702,9036348233660d8dfe3f
64,fild_fistp,18,5.223695600,5.374834600,5.991851800,13.952892200,0.998755111,1.000073988,1.000106076,00000000a0a279eb1940
64,fld_fstp,18,3.578201000,3.725737800,4.395698400,9.671799800,0.992358103,1.000080686,1.000235594,00e8ce621452069eff3f
64,fmul,18,1.872367000,1.935453700,2.365994000,5.024591000,0.945272731,1.000130565,1.000241636,ef67132ee6984fe8ff3f
64,fsqrt,18,6.374961000,6.488790800,7.145498800,16.844807200,0.999806325,1.000064384,1.000094276,0000000000000080ff3f
64,mixed5,18,10.291549800,10.455757400,11.598303800,27.143846600,0.996192610,1.000040301,1.000061007,262630edec678989ff3f
