full_run	loop	sample	iters	delta_ns	delta_tsc_ticks	ns_per_iter	tsc_ticks_per_iter	core_cycles_per_iter	perf_raw_cycles	perf_time_enabled_ns	perf_time_running_ns	thread_cpu_ns	cpu_before	cpu_after	tsc_aux	voluntary_context_switches	involuntary_context_switches
1	empty	1	402745391	130378440	338474318	0.323724226	0.840417608	NA	0	0	0	129550860	0	0	0	0	18
1	empty	2	402745391	127878743	331984536	0.317517583	0.824303750	NA	0	0	0	127115787	0	0	0	0	18
1	empty	3	402745391	141037208	366142244	0.350189502	0.909115913	NA	0	0	0	140250480	0	0	0	0	18
1	empty	4	402745391	142618293	370247956	0.354115270	0.919310225	NA	0	0	0	142472002	0	0	0	0	3
1	empty	5	402745391	137168010	356100758	0.340582445	0.884183323	NA	0	0	0	137170432	0	0	0	0	0
1	add	1	411143828	137835179	357833032	0.335248080	0.870335410	NA	0	0	0	137838251	0	0	0	0	0
1	add	2	411143828	118577497	307837478	0.288408797	0.748734280	NA	0	0	0	118562801	0	0	0	0	2
1	add	3	411143828	117577525	305239818	0.285976627	0.742416150	NA	0	0	0	117569460	0	0	0	0	1
1	add	4	411143828	117572377	305228404	0.285964105	0.742388389	NA	0	0	0	117574867	0	0	0	0	0
1	add	5	411143828	125994053	327090804	0.306447633	0.795562968	NA	0	0	0	125988287	0	0	0	0	1
1	imul	1	178118387	151049138	392136602	0.848026644	2.201550377	NA	0	0	0	151052153	0	0	0	0	0
1	imul	2	178118387	166953421	433427553	0.937317162	2.433367831	NA	0	0	0	166691877	0	0	0	0	1
1	imul	3	178118387	153001524	397207148	0.858987815	2.230017657	NA	0	0	0	153003377	0	0	0	0	0
1	imul	4	178118387	157373358	408557033	0.883532355	2.293738675	NA	0	0	0	157328140	0	0	0	0	2
1	imul	5	178118387	154466000	401009218	0.867209740	2.251363404	NA	0	0	0	154444338	0	0	0	0	3
1	cvttss2si	1	317374322	150579111	390916734	0.474452722	1.231721368	NA	0	0	0	150574586	0	0	0	0	1
1	cvttss2si	2	317374322	150537474	390809861	0.474321530	1.231384627	NA	0	0	0	150539798	0	0	0	0	0
1	cvttss2si	3	317374322	148248584	384867054	0.467109573	1.212659712	NA	0	0	0	148251472	0	0	0	0	0
1	cvttss2si	4	317374322	148890546	386532302	0.469132301	1.217906665	NA	0	0	0	148892872	0	0	0	0	0
1	cvttss2si	5	317374322	148068738	384400276	0.466542905	1.211188963	NA	0	0	0	148063183	0	0	0	0	1
1	cvtss2si	1	322107218	150007913	389432992	0.465708015	1.209016657	NA	0	0	0	150001857	0	0	0	0	1
1	cvtss2si	2	322107218	150397661	390443352	0.466918009	1.212153377	NA	0	0	0	150393697	0	0	0	0	1
1	cvtss2si	3	322107218	152888275	396911814	0.474650261	1.232235081	NA	0	0	0	152890910	0	0	0	0	0
1	cvtss2si	4	322107218	154186335	400281817	0.478680161	1.242697446	NA	0	0	0	154182861	0	0	0	0	1
1	cvtss2si	5	322107218	155068529	402572976	0.481418982	1.249810478	NA	0	0	0	155014439	0	0	0	0	1
1	cvttsd2si64	1	316748432	149485038	388077430	0.471936158	1.225191322	NA	0	0	0	149418562	0	0	0	0	2
1	cvttsd2si64	2	316748432	153291403	397959536	0.483953155	1.256389916	NA	0	0	0	153280949	0	0	0	0	2
1	cvttsd2si64	3	316748432	156430510	406108638	0.493863566	1.282117280	NA	0	0	0	156432381	0	0	0	0	0
1	cvttsd2si64	4	316748432	151275523	392726334	0.477588861	1.239868281	NA	0	0	0	151260322	0	0	0	0	1
1	cvttsd2si64	5	316748432	153092078	397441772	0.483323870	1.254755294	NA	0	0	0	153094662	0	0	0	0	0
1	cvttps2dq	1	543390702	155318605	403221897	0.285832283	0.742047841	NA	0	0	0	155321839	0	0	0	0	0
1	cvttps2dq	2	543390702	156605123	406560219	0.288199858	0.748191343	NA	0	0	0	156607346	0	0	0	0	0
1	cvttps2dq	3	543390702	168094033	436388823	0.309342858	0.803084818	NA	0	0	0	168065534	0	0	0	0	2
1	cvttps2dq	4	543390702	169626901	440367512	0.312163790	0.810406785	NA	0	0	0	169621877	0	0	0	0	1
1	cvttps2dq	5	543390702	178361626	463044478	0.328238274	0.852139126	NA	0	0	0	178346043	0	0	0	0	2
1	cvtdq2ps	1	171239069	154520727	401148670	0.902368413	2.342623517	NA	0	0	0	154523481	0	0	0	0	0
1	cvtdq2ps	2	171239069	156683144	406764124	0.914996472	2.375416582	NA	0	0	0	156685717	0	0	0	0	0
1	cvtdq2ps	3	171239069	153946485	399659702	0.899014961	2.333928258	NA	0	0	0	153948498	0	0	0	0	0
1	cvtdq2ps	4	171239069	159476266	414016225	0.931307715	2.417767320	NA	0	0	0	159441292	0	0	0	0	2
1	cvtdq2ps	5	171239069	158419960	411273720	0.925139111	2.401751670	NA	0	0	0	158415441	0	0	0	0	1
1	addsubps	1	172492728	156756003	406953588	0.908768763	2.359250693	NA	0	0	0	156750064	0	0	0	0	1
1	addsubps	2	172492728	157975185	410117538	0.915836782	2.377593205	NA	0	0	0	157970886	0	0	0	0	1
1	addsubps	3	172492728	145799362	378508936	0.845249326	2.194347207	NA	0	0	0	145802100	0	0	0	0	0
1	addsubps	4	172492728	145912249	378801878	0.845903771	2.196045494	NA	0	0	0	145900846	0	0	0	0	1
1	addsubps	5	172492728	146949177	381494022	0.851915201	2.211652783	NA	0	0	0	146934428	0	0	0	0	1
1	addss	1	173099117	149129380	387153910	0.861525943	2.236602455	NA	0	0	0	149125508	0	0	0	0	1
1	addss	2	173099117	144874570	376108590	0.836945748	2.172793233	NA	0	0	0	144870197	0	0	0	0	1
1	addss	3	173099117	146127358	379360150	0.844183151	2.191577615	NA	0	0	0	146122445	0	0	0	0	1
1	addss	4	173099117	147277283	382346276	0.850826310	2.208828575	NA	0	0	0	147279360	0	0	0	0	0
1	addss	5	173099117	147148122	382010200	0.850080142	2.206887052	NA	0	0	0	147150299	0	0	0	0	0
1	mulps	1	176750481	148006265	384237490	0.837374044	2.173897846	NA	0	0	0	147968902	0	0	0	0	1
1	mulps	2	176750481	154102001	400063937	0.871861848	2.263439028	NA	0	0	0	154096933	0	0	0	0	1
1	mulps	3	176750481	149583054	388331996	0.846295032	2.197063305	NA	0	0	0	149575425	0	0	0	0	1
1	mulps	4	176750481	154936293	402229022	0.876582016	2.275688415	NA	0	0	0	154930694	0	0	0	0	1
1	mulps	5	176750481	156755030	406951635	0.886871872	2.302407511	NA	0	0	0	156734218	0	0	0	0	1
1	pshufb	1	264215649	149364339	387761192	0.565312235	1.467593587	NA	0	0	0	149367096	0	0	0	0	0
1	pshufb	2	264215649	148797444	386291842	0.563166658	1.462032410	NA	0	0	0	148784207	0	0	0	0	1
1	pshufb	3	264215649	160082406	415588992	0.605877837	1.572915887	NA	0	0	0	160077545	0	0	0	0	1
1	pshufb	4	264215649	148679834	385986926	0.562721529	1.460878368	NA	0	0	0	148675830	0	0	0	0	1
1	pshufb	5	264215649	149708910	388658322	0.566616363	1.470989033	NA	0	0	0	149702913	0	0	0	0	1
1	div32	1	88173538	157267646	408281887	1.783615012	4.630435574	NA	0	0	0	157261315	0	0	0	0	1
1	div32	2	88173538	150484801	390672932	1.706688927	4.430727641	NA	0	0	0	150487556	0	0	0	0	0
1	div32	3	88173538	151036510	392105065	1.712946009	4.446969849	NA	0	0	0	151055479	0	0	0	0	0
1	div32	4	88173538	156556656	406436186	1.775551481	4.609502978	NA	0	0	0	156539590	0	0	0	0	1
1	div32	5	88173538	152127076	394935866	1.725314413	4.479074731	NA	0	0	0	152115230	0	0	0	0	2
1	idiv64	1	72874051	148077350	384420269	2.031962653	5.275132420	NA	0	0	0	148071664	0	0	0	0	1
1	idiv64	2	72874051	143020190	371293130	1.962566758	5.094997807	NA	0	0	0	143015008	0	0	0	0	1
1	idiv64	3	72874051	143985371	373799218	1.975811266	5.129387112	NA	0	0	0	143987599	0	0	0	0	0
1	idiv64	4	72874051	143997910	373830288	1.975983330	5.129813464	NA	0	0	0	144000288	0	0	0	0	0
1	idiv64	5	72874051	145175386	376855232	1.992141016	5.171322670	NA	0	0	0	145170393	0	0	0	0	1
1	crc32	1	179215074	154641741	401465182	0.862883560	2.240130660	NA	0	0	0	154637406	0	0	0	0	1
1	crc32	2	179215074	161138746	418332914	0.899136118	2.334250712	NA	0	0	0	161134859	0	0	0	0	1
1	crc32	3	179215074	153235991	397815445	0.855039632	2.219765537	NA	0	0	0	153230555	0	0	0	0	1
1	crc32	4	179215074	154056988	399943986	0.859620704	2.231642557	NA	0	0	0	154041767	0	0	0	0	1
1	crc32	5	179215074	154469315	401016602	0.861921442	2.237627634	NA	0	0	0	154471979	0	0	0	0	0
1	popcnt	1	449105788	153663795	398926528	0.342155009	0.888268507	NA	0	0	0	153623796	0	0	0	0	1
1	popcnt	2	449105788	130167112	337925237	0.289836193	0.752440173	NA	0	0	0	130162716	0	0	0	0	1
1	popcnt	3	449105788	127255719	330367284	0.283353549	0.735611281	NA	0	0	0	127251024	0	0	0	0	1
1	popcnt	4	449105788	128635465	333949122	0.286425756	0.743586769	NA	0	0	0	128637870	0	0	0	0	0
1	popcnt	5	449105788	126385288	328107130	0.281415407	0.730578716	NA	0	0	0	126381584	0	0	0	0	1
1	lock_xadd	1	70565158	150190574	389909676	2.128395631	5.525526861	NA	0	0	0	150177007	0	0	0	0	1
1	lock_xadd	2	70565158	150100832	389673778	2.127123870	5.522183880	NA	0	0	0	150085991	0	0	0	0	1
1	lock_xadd	3	70565158	150214520	389971660	2.128734977	5.526405255	NA	0	0	0	150216956	0	0	0	0	0
1	lock_xadd	4	70565158	150627192	391042210	2.134583076	5.541576340	NA	0	0	0	150623348	0	0	0	0	1
1	lock_xadd	5	70565158	150801831	391494142	2.137057937	5.547980804	NA	0	0	0	150795684	0	0	0	0	1
1	call_ret	1	101870715	142803073	370729645	1.401806918	3.639217070	NA	0	0	0	142798121	0	0	0	0	1
1	call_ret	2	101870715	143787718	373285900	1.411472551	3.664310199	NA	0	0	0	143776395	0	0	0	0	1
1	call_ret	3	101870715	142820854	370773364	1.401981462	3.639646232	NA	0	0	0	142818085	0	0	0	0	1
1	call_ret	4	101870715	144500345	375137828	1.418467957	3.682489398	NA	0	0	0	144445638	0	0	0	0	2
1	call_ret	5	101870715	142976826	371182370	1.403512540	3.643661184	NA	0	0	0	142978333	0	0	0	0	0
1	icall	1	105258838	149207156	387354370	1.417526156	3.680017539	NA	0	0	0	149193958	0	0	0	0	2
1	icall	2	105258838	148583801	385735506	1.411604040	3.664637700	NA	0	0	0	148586137	0	0	0	0	0
1	icall	3	105258838	147234850	382236660	1.398788480	3.631397299	NA	0	0	0	147229716	0	0	0	0	1
1	icall	4	105258838	149235298	387428990	1.417793516	3.680726458	NA	0	0	0	149219337	0	0	0	0	1
1	icall	5	105258838	147849141	383828614	1.404624484	3.646521483	NA	0	0	0	147791519	0	0	0	0	1
1	rep_movsb_4k	1	3529694	150806928	391510262	42.725213007	110.919037741	NA	0	0	0	150809614	0	0	0	0	0
1	rep_movsb_4k	2	3529694	151636729	393664960	42.960304491	111.529486692	NA	0	0	0	151628497	0	0	0	0	1
1	rep_movsb_4k	3	3529694	164733669	427664940	46.670807441	121.162044075	NA	0	0	0	164729339	0	0	0	0	1
1	rep_movsb_4k	4	3529694	166304849	431743064	47.115939512	122.317420150	NA	0	0	0	166297131	0	0	0	0	2
1	rep_movsb_4k	5	3529694	162368656	421524194	46.000774005	119.422305163	NA	0	0	0	162366434	0	0	0	0	1
1	x87_fadd	1	77689957	149607976	388394461	1.925705481	4.999287887	NA	0	0	0	149581558	0	0	0	0	1
1	x87_fadd	2	77689957	150167626	389849473	1.932909115	5.018016331	NA	0	0	0	150170632	0	0	0	0	0
1	x87_fadd	3	77689957	159189196	413270169	2.049031846	5.319479955	NA	0	0	0	159200931	0	0	0	0	1
1	x87_fadd	4	77689957	163628239	424795398	2.106169772	5.467828976	NA	0	0	0	163624059	0	0	0	0	1
1	x87_fadd	5	77689957	160734913	417283256	2.068927815	5.371135113	NA	0	0	0	160729341	0	0	0	0	1
1	x87_fmul	1	72757744	142159052	369057598	1.953868333	5.072416731	NA	0	0	0	142161892	0	0	0	0	0
1	x87_fmul	2	72757744	149529534	388192401	2.055170017	5.335410084	NA	0	0	0	149496587	0	0	0	0	1
1	x87_fmul	3	72757744	144256624	374504338	1.982697869	5.147278041	NA	0	0	0	144259182	0	0	0	0	0
1	x87_fmul	4	72757744	142748787	370589986	1.961973793	5.093478242	NA	0	0	0	142742955	0	0	0	0	1
1	x87_fmul	5	72757744	144026402	373905844	1.979533642	5.139052195	NA	0	0	0	144019267	0	0	0	0	1
1	x87_fdiv	1	35132807	151321497	392845349	4.307128007	11.181723937	NA	0	0	0	151313957	0	0	0	0	1
1	x87_fdiv	2	35132807	153217294	397767994	4.361088882	11.321839271	NA	0	0	0	153214059	0	0	0	0	1
1	x87_fdiv	3	35132807	152595311	396152432	4.343385116	11.275854844	NA	0	0	0	152575452	0	0	0	0	1
1	x87_fdiv	4	35132807	149397899	387851984	4.252375821	11.039595669	NA	0	0	0	149400024	0	0	0	0	0
1	x87_fdiv	5	35132807	149799043	388892816	4.263793753	11.069221312	NA	0	0	0	149801219	0	0	0	0	0
1	x87_fsqrt	1	22252060	147839928	383805786	6.643876028	17.248101344	NA	0	0	0	147834783	0	0	0	0	1
1	x87_fsqrt	2	22252060	152800159	396686224	6.866787120	17.826943843	NA	0	0	0	152794331	0	0	0	0	1
1	x87_fsqrt	3	22252060	153324257	398045610	6.890339906	17.888034186	NA	0	0	0	153319992	0	0	0	0	1
1	x87_fsqrt	4	22252060	146678295	380791632	6.591672636	17.112646290	NA	0	0	0	146675224	0	0	0	0	1
1	x87_fsqrt	5	22252060	154270325	400500490	6.932855879	17.998355658	NA	0	0	0	154257216	0	0	0	0	1
1	x87_fld_fstp_m64	1	260055386	152337539	395483244	0.585788825	1.520765442	NA	0	0	0	152339923	0	0	0	0	0
1	x87_fld_fstp_m64	2	260055386	150189483	389906842	0.577528831	1.499322310	NA	0	0	0	150175303	0	0	0	0	2
1	x87_fld_fstp_m64	3	260055386	149434233	387946286	0.574624642	1.491783316	NA	0	0	0	149436569	0	0	0	0	0
1	x87_fld_fstp_m64	4	260055386	151620796	393622762	0.583032708	1.513611266	NA	0	0	0	151615880	0	0	0	0	1
1	x87_fld_fstp_m64	5	260055386	147298350	382400863	0.566411457	1.470459308	NA	0	0	0	147283211	0	0	0	0	1
1	x87_fyl2x	1	6917190	150665398	391144390	21.781301077	56.546717670	NA	0	0	0	150668415	0	0	0	0	0
1	x87_fyl2x	2	6917190	149058766	386970090	21.549034507	55.943250077	NA	0	0	0	149061212	0	0	0	0	0
1	x87_fyl2x	3	6917190	147591284	383160583	21.336884486	55.392519650	NA	0	0	0	147586350	0	0	0	0	1
1	x87_fyl2x	4	6917190	153256918	397870161	22.155950321	57.519044728	NA	0	0	0	153251580	0	0	0	0	1
1	x87_fyl2x	5	6917190	146679702	380795181	21.205099470	55.050559693	NA	0	0	0	146674258	0	0	0	0	1
