loop	ns_median_run1	ns_median_run2	median_change_pct	ns_min_run1	ns_min_run2	min_change_pct
empty	0.340582445	0.288011851	-15.435497	0.317517583	0.285493522	-10.085760
add	0.288408797	0.288994872	0.203210	0.285964105	0.286415726	0.157929
imul	0.867209740	0.844700412	-2.595604	0.848026644	0.839424811	-1.014335
cvttss2si	0.469132301	0.472269868	0.668802	0.466542905	0.468229477	0.361504
cvtss2si	0.474650261	0.489730453	3.177117	0.465708015	0.475492882	2.101073
cvttsd2si64	0.483323870	0.507222635	4.944669	0.471936158	0.491500726	4.145596
cvttps2dq	0.309342858	0.327945940	6.013742	0.285832283	0.291031364	1.818927
cvtdq2ps	0.914996472	0.860891382	-5.913147	0.899014961	0.849865112	-5.467078
addsubps	0.851915201	0.853571749	0.194450	0.845249326	0.843588115	-0.196535
addss	0.850080142	0.855672899	0.657909	0.836945748	0.848718684	1.406655
mulps	0.871861848	0.845732866	-2.996918	0.837374044	0.844004273	0.791788
pshufb	0.565312235	0.565501572	0.033492	0.562721529	0.563434987	0.126787
div32	1.725314413	1.695747887	-1.713689	1.706688927	1.678733014	-1.638020
idiv64	1.975983330	2.007853441	1.612873	1.962566758	1.986910787	1.240418
crc32	0.861921442	0.845451212	-1.910874	0.855039632	0.834177940	-2.439851
popcnt	0.286425756	0.319922065	11.694587	0.281415407	0.309961484	10.143751
lock_xadd	2.128734977	2.233925730	4.941468	2.127123870	2.158193601	1.460645
call_ret	1.403512540	1.477696727	5.285609	1.401806918	1.431768747	2.137372
icall	1.411604040	1.466380624	3.880450	1.398788480	1.419663407	1.492358
rep_movsb_4k	46.000774005	42.939897160	-6.653968	42.725213007	42.829116220	0.243189
x87_fadd	2.049031846	1.936351291	-5.499210	1.925705481	1.925303575	-0.020871
x87_fmul	1.979533642	1.974492126	-0.254682	1.953868333	1.909274729	-2.282324
x87_fdiv	4.307128007	4.218381686	-2.060452	4.252375821	4.212641403	-0.934405
x87_fsqrt	6.866787120	6.421841602	-6.479675	6.591672636	6.411717514	-2.730037
x87_fld_fstp_m64	0.577528831	0.580881545	0.580528	0.566411457	0.562534189	-0.684532
x87_fyl2x	21.549034507	21.115880280	-2.010086	21.205099470	21.003522650	-0.950605
