loop	ns_median	ns_min	core_cycles_median	core_cycles_min	core_cycles_method	tsc_ticks_median	tsc_ticks_min	ns_max	iters	samples
empty	0.288011851	0.285493522	NA	NA	unavailable	0.747703378	0.741167152	0.297506026	470271076	5
add	0.288994872	0.286415726	NA	NA	unavailable	0.750260903	0.743563329	0.294923931	524609962	5
imul	0.844700412	0.839424811	NA	NA	unavailable	2.192925639	2.179243002	0.863053859	178035269	5
cvttss2si	0.472269868	0.468229477	NA	NA	unavailable	1.226060253	1.215464427	0.498674676	315972905	5
cvtss2si	0.489730453	0.475492882	NA	NA	unavailable	1.271385265	1.234425632	0.493727175	313918996	5
cvttsd2si64	0.507222635	0.491500726	NA	NA	unavailable	1.316799825	1.275982492	0.515881799	314225009	5
cvttps2dq	0.327945940	0.291031364	NA	NA	unavailable	0.851381558	0.755546325	0.336322884	501800273	5
cvtdq2ps	0.860891382	0.849865112	NA	NA	unavailable	2.234958981	2.206335550	0.889104587	177312005	5
addsubps	0.853571749	0.843588115	NA	NA	unavailable	2.215950858	2.190037116	0.893333069	169539470	5
addss	0.855672899	0.848718684	NA	NA	unavailable	2.221410480	2.203357065	0.926304612	177359906	5
mulps	0.845732866	0.844004273	NA	NA	unavailable	2.195602735	2.191122010	0.848912466	179487051	5
pshufb	0.565501572	0.563434987	NA	NA	unavailable	1.468096142	1.462733281	0.573465969	260244311	5
div32	1.695747887	1.678733014	NA	NA	unavailable	4.402342264	4.358153658	1.711987830	86885339	5
idiv64	2.007853441	1.986910787	NA	NA	unavailable	5.212582570	5.158212101	2.127428467	71020465	5
crc32	0.845451212	0.834177940	NA	NA	unavailable	2.194872694	2.165605049	0.849992455	174391688	5
popcnt	0.319922065	0.309961484	NA	NA	unavailable	0.830551122	0.804690617	0.338647738	519185036	5
lock_xadd	2.233925730	2.158193601	NA	NA	unavailable	5.799495966	5.602889359	2.392013310	68665546	5
call_ret	1.477696727	1.431768747	NA	NA	unavailable	3.836250754	3.717002118	1.615376642	104024192	5
icall	1.466380624	1.419663407	NA	NA	unavailable	3.806864650	3.685586877	1.493159730	106813983	5
rep_movsb_4k	42.939897160	42.829116220	NA	NA	unavailable	111.475725876	111.188493792	48.834167924	3079555	5
x87_fadd	1.936351291	1.925303575	NA	NA	unavailable	5.026955008	4.998274558	2.059112995	76764102	5
x87_fmul	1.974492126	1.909274729	NA	NA	unavailable	5.126005211	4.956689445	2.054845792	77576125	5
x87_fdiv	4.218381686	4.212641403	NA	NA	unavailable	10.951349613	10.936420178	4.226368330	34867965	5
x87_fsqrt	6.421841602	6.411717514	NA	NA	unavailable	16.671725782	16.645461101	6.476763566	23331485	5
x87_fld_fstp_m64	0.580881545	0.562534189	NA	NA	unavailable	1.508028566	1.460395784	0.621030082	259210814	5
x87_fyl2x	21.115880280	21.003522650	NA	NA	unavailable	54.818958959	54.527020044	21.317517631	7081317	5
