META,outside,compat_call=0,rc=-1,afp_sysrc=0,afp=0,original=0000000000000000,after_compat=0000000000000000,requested=0000000000000000,observed=0000000000000000
ROW,outside,fadd,32,0,normal,a1a2a3a43f800000,a5a6a7a8a9aaabac,b1b2b3b440000000,b5b6b7b8b9babbbc,dddddddddddddddd,d0d1d2d3d4d5d6d7,0000000040400000,0000000000000000,0000000000000000
ROW,outside,fadd,32,1,normal,a1a2a3a43f800000,a5a6a7a8a9aaabac,b1b2b3b440000000,b5b6b7b8b9babbbc,dddddddddddddddd,d0d1d2d3d4d5d6d7,0000000040400000,0000000000000000,0000000000000000
ROW,outside,fadd,32,2,normal,a1a2a3a43f800000,a5a6a7a8a9aaabac,b1b2b3b440000000,b5b6b7b8b9babbbc,dddddddddddddddd,d0d1d2d3d4d5d6d7,0000000040400000,0000000000000000,0000000000000000
ROW,outside,fadd,32,0,qnan-qnan,a1a2a3a47fc12345,a5a6a7a8a9aaabac,b1b2b3b4ffc56789,b5b6b7b8b9babbbc,dddddddddddddddd,d0d1d2d3d4d5d6d7,000000007fc12345,0000000000000000,0000000000000000
ROW,outside,fadd,32,1,qnan-qnan,a1a2a3a47fc12345,a5a6a7a8a9aaabac,b1b2b3b4ffc56789,b5b6b7b8b9babbbc,dddddddddddddddd,d0d1d2d3d4d5d6d7,000000007fc12345,0000000000000000,0000000000000000
ROW,outside,fadd,32,2,qnan-qnan,a1a2a3a47fc12345,a5a6a7a8a9aaabac,b1b2b3b4ffc56789,b5b6b7b8b9babbbc,dddddddddddddddd,d0d1d2d3d4d5d6d7,000000007fc12345,0000000000000000,0000000000000000
ROW,outside,fadd,32,0,snan-qnan,a1a2a3a47f812345,a5a6a7a8a9aaabac,b1b2b3b4ffc56789,b5b6b7b8b9babbbc,dddddddddddddddd,d0d1d2d3d4d5d6d7,000000007fc12345,0000000000000000,0000000000000001
ROW,outside,fadd,32,1,snan-qnan,a1a2a3a47f812345,a5a6a7a8a9aaabac,b1b2b3b4ffc56789,b5b6b7b8b9babbbc,dddddddddddddddd,d0d1d2d3d4d5d6d7,000000007fc12345,0000000000000000,0000000000000001
ROW,outside,fadd,32,2,snan-qnan,a1a2a3a47f812345,a5a6a7a8a9aaabac,b1b2b3b4ffc56789,b5b6b7b8b9babbbc,dddddddddddddddd,d0d1d2d3d4d5d6d7,000000007fc12345,0000000000000000,0000000000000001
ROW,outside,fadd,32,0,qnan-snan,a1a2a3a47fc12345,a5a6a7a8a9aaabac,b1b2b3b4ff856789,b5b6b7b8b9babbbc,dddddddddddddddd,d0d1d2d3d4d5d6d7,00000000ffc56789,0000000000000000,0000000000000001
ROW,outside,fadd,32,1,qnan-snan,a1a2a3a47fc12345,a5a6a7a8a9aaabac,b1b2b3b4ff856789,b5b6b7b8b9babbbc,dddddddddddddddd,d0d1d2d3d4d5d6d7,00000000ffc56789,0000000000000000,0000000000000001
ROW,outside,fadd,32,2,qnan-snan,a1a2a3a47fc12345,a5a6a7a8a9aaabac,b1b2b3b4ff856789,b5b6b7b8b9babbbc,dddddddddddddddd,d0d1d2d3d4d5d6d7,00000000ffc56789,0000000000000000,0000000000000001
ROW,outside,fadd,32,0,snan-snan,a1a2a3a47f812345,a5a6a7a8a9aaabac,b1b2b3b4ff856789,b5b6b7b8b9babbbc,dddddddddddddddd,d0d1d2d3d4d5d6d7,000000007fc12345,0000000000000000,0000000000000001
ROW,outside,fadd,32,1,snan-snan,a1a2a3a47f812345,a5a6a7a8a9aaabac,b1b2b3b4ff856789,b5b6b7b8b9babbbc,dddddddddddddddd,d0d1d2d3d4d5d6d7,000000007fc12345,0000000000000000,0000000000000001
ROW,outside,fadd,32,2,snan-snan,a1a2a3a47f812345,a5a6a7a8a9aaabac,b1b2b3b4ff856789,b5b6b7b8b9babbbc,dddddddddddddddd,d0d1d2d3d4d5d6d7,000000007fc12345,0000000000000000,0000000000000001
ROW,outside,fsub,32,0,normal,a1a2a3a43f800000,a5a6a7a8a9aaabac,b1b2b3b440000000,b5b6b7b8b9babbbc,dddddddddddddddd,d0d1d2d3d4d5d6d7,00000000bf800000,0000000000000000,0000000000000000
ROW,outside,fsub,32,1,normal,a1a2a3a43f800000,a5a6a7a8a9aaabac,b1b2b3b440000000,b5b6b7b8b9babbbc,dddddddddddddddd,d0d1d2d3d4d5d6d7,00000000bf800000,0000000000000000,0000000000000000
ROW,outside,fsub,32,2,normal,a1a2a3a43f800000,a5a6a7a8a9aaabac,b1b2b3b440000000,b5b6b7b8b9babbbc,dddddddddddddddd,d0d1d2d3d4d5d6d7,00000000bf800000,0000000000000000,0000000000000000
ROW,outside,fsub,32,0,qnan-qnan,a1a2a3a47fc12345,a5a6a7a8a9aaabac,b1b2b3b4ffc56789,b5b6b7b8b9babbbc,dddddddddddddddd,d0d1d2d3d4d5d6d7,000000007fc12345,0000000000000000,0000000000000000
ROW,outside,fsub,32,1,qnan-qnan,a1a2a3a47fc12345,a5a6a7a8a9aaabac,b1b2b3b4ffc56789,b5b6b7b8b9babbbc,dddddddddddddddd,d0d1d2d3d4d5d6d7,000000007fc12345,0000000000000000,0000000000000000
ROW,outside,fsub,32,2,qnan-qnan,a1a2a3a47fc12345,a5a6a7a8a9aaabac,b1b2b3b4ffc56789,b5b6b7b8b9babbbc,dddddddddddddddd,d0d1d2d3d4d5d6d7,000000007fc12345,0000000000000000,0000000000000000
ROW,outside,fsub,32,0,snan-qnan,a1a2a3a47f812345,a5a6a7a8a9aaabac,b1b2b3b4ffc56789,b5b6b7b8b9babbbc,dddddddddddddddd,d0d1d2d3d4d5d6d7,000000007fc12345,0000000000000000,0000000000000001
ROW,outside,fsub,32,1,snan-qnan,a1a2a3a47f812345,a5a6a7a8a9aaabac,b1b2b3b4ffc56789,b5b6b7b8b9babbbc,dddddddddddddddd,d0d1d2d3d4d5d6d7,000000007fc12345,0000000000000000,0000000000000001
ROW,outside,fsub,32,2,snan-qnan,a1a2a3a47f812345,a5a6a7a8a9aaabac,b1b2b3b4ffc56789,b5b6b7b8b9babbbc,dddddddddddddddd,d0d1d2d3d4d5d6d7,000000007fc12345,0000000000000000,0000000000000001
ROW,outside,fsub,32,0,qnan-snan,a1a2a3a47fc12345,a5a6a7a8a9aaabac,b1b2b3b4ff856789,b5b6b7b8b9babbbc,dddddddddddddddd,d0d1d2d3d4d5d6d7,00000000ffc56789,0000000000000000,0000000000000001
ROW,outside,fsub,32,1,qnan-snan,a1a2a3a47fc12345,a5a6a7a8a9aaabac,b1b2b3b4ff856789,b5b6b7b8b9babbbc,dddddddddddddddd,d0d1d2d3d4d5d6d7,00000000ffc56789,0000000000000000,0000000000000001
ROW,outside,fsub,32,2,qnan-snan,a1a2a3a47fc12345,a5a6a7a8a9aaabac,b1b2b3b4ff856789,b5b6b7b8b9babbbc,dddddddddddddddd,d0d1d2d3d4d5d6d7,00000000ffc56789,0000000000000000,0000000000000001
ROW,outside,fsub,32,0,snan-snan,a1a2a3a47f812345,a5a6a7a8a9aaabac,b1b2b3b4ff856789,b5b6b7b8b9babbbc,dddddddddddddddd,d0d1d2d3d4d5d6d7,000000007fc12345,0000000000000000,0000000000000001
ROW,outside,fsub,32,1,snan-snan,a1a2a3a47f812345,a5a6a7a8a9aaabac,b1b2b3b4ff856789,b5b6b7b8b9babbbc,dddddddddddddddd,d0d1d2d3d4d5d6d7,000000007fc12345,0000000000000000,0000000000000001
ROW,outside,fsub,32,2,snan-snan,a1a2a3a47f812345,a5a6a7a8a9aaabac,b1b2b3b4ff856789,b5b6b7b8b9babbbc,dddddddddddddddd,d0d1d2d3d4d5d6d7,000000007fc12345,0000000000000000,0000000000000001
ROW,outside,fmul,32,0,normal,a1a2a3a43f800000,a5a6a7a8a9aaabac,b1b2b3b440000000,b5b6b7b8b9babbbc,dddddddddddddddd,d0d1d2d3d4d5d6d7,0000000040000000,0000000000000000,0000000000000000
ROW,outside,fmul,32,1,normal,a1a2a3a43f800000,a5a6a7a8a9aaabac,b1b2b3b440000000,b5b6b7b8b9babbbc,dddddddddddddddd,d0d1d2d3d4d5d6d7,0000000040000000,0000000000000000,0000000000000000
ROW,outside,fmul,32,2,normal,a1a2a3a43f800000,a5a6a7a8a9aaabac,b1b2b3b440000000,b5b6b7b8b9babbbc,dddddddddddddddd,d0d1d2d3d4d5d6d7,0000000040000000,0000000000000000,0000000000000000
ROW,outside,fmul,32,0,qnan-qnan,a1a2a3a47fc12345,a5a6a7a8a9aaabac,b1b2b3b4ffc56789,b5b6b7b8b9babbbc,dddddddddddddddd,d0d1d2d3d4d5d6d7,000000007fc12345,0000000000000000,0000000000000000
ROW,outside,fmul,32,1,qnan-qnan,a1a2a3a47fc12345,a5a6a7a8a9aaabac,b1b2b3b4ffc56789,b5b6b7b8b9babbbc,dddddddddddddddd,d0d1d2d3d4d5d6d7,000000007fc12345,0000000000000000,0000000000000000
ROW,outside,fmul,32,2,qnan-qnan,a1a2a3a47fc12345,a5a6a7a8a9aaabac,b1b2b3b4ffc56789,b5b6b7b8b9babbbc,dddddddddddddddd,d0d1d2d3d4d5d6d7,000000007fc12345,0000000000000000,0000000000000000
ROW,outside,fmul,32,0,snan-qnan,a1a2a3a47f812345,a5a6a7a8a9aaabac,b1b2b3b4ffc56789,b5b6b7b8b9babbbc,dddddddddddddddd,d0d1d2d3d4d5d6d7,000000007fc12345,0000000000000000,0000000000000001
ROW,outside,fmul,32,1,snan-qnan,a1a2a3a47f812345,a5a6a7a8a9aaabac,b1b2b3b4ffc56789,b5b6b7b8b9babbbc,dddddddddddddddd,d0d1d2d3d4d5d6d7,000000007fc12345,0000000000000000,0000000000000001
ROW,outside,fmul,32,2,snan-qnan,a1a2a3a47f812345,a5a6a7a8a9aaabac,b1b2b3b4ffc56789,b5b6b7b8b9babbbc,dddddddddddddddd,d0d1d2d3d4d5d6d7,000000007fc12345,0000000000000000,0000000000000001
ROW,outside,fmul,32,0,qnan-snan,a1a2a3a47fc12345,a5a6a7a8a9aaabac,b1b2b3b4ff856789,b5b6b7b8b9babbbc,dddddddddddddddd,d0d1d2d3d4d5d6d7,00000000ffc56789,0000000000000000,0000000000000001
ROW,outside,fmul,32,1,qnan-snan,a1a2a3a47fc12345,a5a6a7a8a9aaabac,b1b2b3b4ff856789,b5b6b7b8b9babbbc,dddddddddddddddd,d0d1d2d3d4d5d6d7,00000000ffc56789,0000000000000000,0000000000000001
ROW,outside,fmul,32,2,qnan-snan,a1a2a3a47fc12345,a5a6a7a8a9aaabac,b1b2b3b4ff856789,b5b6b7b8b9babbbc,dddddddddddddddd,d0d1d2d3d4d5d6d7,00000000ffc56789,0000000000000000,0000000000000001
ROW,outside,fmul,32,0,snan-snan,a1a2a3a47f812345,a5a6a7a8a9aaabac,b1b2b3b4ff856789,b5b6b7b8b9babbbc,dddddddddddddddd,d0d1d2d3d4d5d6d7,000000007fc12345,0000000000000000,0000000000000001
ROW,outside,fmul,32,1,snan-snan,a1a2a3a47f812345,a5a6a7a8a9aaabac,b1b2b3b4ff856789,b5b6b7b8b9babbbc,dddddddddddddddd,d0d1d2d3d4d5d6d7,000000007fc12345,0000000000000000,0000000000000001
ROW,outside,fmul,32,2,snan-snan,a1a2a3a47f812345,a5a6a7a8a9aaabac,b1b2b3b4ff856789,b5b6b7b8b9babbbc,dddddddddddddddd,d0d1d2d3d4d5d6d7,000000007fc12345,0000000000000000,0000000000000001
ROW,outside,fdiv,32,0,normal,a1a2a3a43f800000,a5a6a7a8a9aaabac,b1b2b3b440000000,b5b6b7b8b9babbbc,dddddddddddddddd,d0d1d2d3d4d5d6d7,000000003f000000,0000000000000000,0000000000000000
ROW,outside,fdiv,32,1,normal,a1a2a3a43f800000,a5a6a7a8a9aaabac,b1b2b3b440000000,b5b6b7b8b9babbbc,dddddddddddddddd,d0d1d2d3d4d5d6d7,000000003f000000,0000000000000000,0000000000000000
ROW,outside,fdiv,32,2,normal,a1a2a3a43f800000,a5a6a7a8a9aaabac,b1b2b3b440000000,b5b6b7b8b9babbbc,dddddddddddddddd,d0d1d2d3d4d5d6d7,000000003f000000,0000000000000000,0000000000000000
ROW,outside,fdiv,32,0,qnan-qnan,a1a2a3a47fc12345,a5a6a7a8a9aaabac,b1b2b3b4ffc56789,b5b6b7b8b9babbbc,dddddddddddddddd,d0d1d2d3d4d5d6d7,000000007fc12345,0000000000000000,0000000000000000
ROW,outside,fdiv,32,1,qnan-qnan,a1a2a3a47fc12345,a5a6a7a8a9aaabac,b1b2b3b4ffc56789,b5b6b7b8b9babbbc,dddddddddddddddd,d0d1d2d3d4d5d6d7,000000007fc12345,0000000000000000,0000000000000000
ROW,outside,fdiv,32,2,qnan-qnan,a1a2a3a47fc12345,a5a6a7a8a9aaabac,b1b2b3b4ffc56789,b5b6b7b8b9babbbc,dddddddddddddddd,d0d1d2d3d4d5d6d7,000000007fc12345,0000000000000000,0000000000000000
ROW,outside,fdiv,32,0,snan-qnan,a1a2a3a47f812345,a5a6a7a8a9aaabac,b1b2b3b4ffc56789,b5b6b7b8b9babbbc,dddddddddddddddd,d0d1d2d3d4d5d6d7,000000007fc12345,0000000000000000,0000000000000001
ROW,outside,fdiv,32,1,snan-qnan,a1a2a3a47f812345,a5a6a7a8a9aaabac,b1b2b3b4ffc56789,b5b6b7b8b9babbbc,dddddddddddddddd,d0d1d2d3d4d5d6d7,000000007fc12345,0000000000000000,0000000000000001
ROW,outside,fdiv,32,2,snan-qnan,a1a2a3a47f812345,a5a6a7a8a9aaabac,b1b2b3b4ffc56789,b5b6b7b8b9babbbc,dddddddddddddddd,d0d1d2d3d4d5d6d7,000000007fc12345,0000000000000000,0000000000000001
ROW,outside,fdiv,32,0,qnan-snan,a1a2a3a47fc12345,a5a6a7a8a9aaabac,b1b2b3b4ff856789,b5b6b7b8b9babbbc,dddddddddddddddd,d0d1d2d3d4d5d6d7,00000000ffc56789,0000000000000000,0000000000000001
ROW,outside,fdiv,32,1,qnan-snan,a1a2a3a47fc12345,a5a6a7a8a9aaabac,b1b2b3b4ff856789,b5b6b7b8b9babbbc,dddddddddddddddd,d0d1d2d3d4d5d6d7,00000000ffc56789,0000000000000000,0000000000000001
ROW,outside,fdiv,32,2,qnan-snan,a1a2a3a47fc12345,a5a6a7a8a9aaabac,b1b2b3b4ff856789,b5b6b7b8b9babbbc,dddddddddddddddd,d0d1d2d3d4d5d6d7,00000000ffc56789,0000000000000000,0000000000000001
ROW,outside,fdiv,32,0,snan-snan,a1a2a3a47f812345,a5a6a7a8a9aaabac,b1b2b3b4ff856789,b5b6b7b8b9babbbc,dddddddddddddddd,d0d1d2d3d4d5d6d7,000000007fc12345,0000000000000000,0000000000000001
ROW,outside,fdiv,32,1,snan-snan,a1a2a3a47f812345,a5a6a7a8a9aaabac,b1b2b3b4ff856789,b5b6b7b8b9babbbc,dddddddddddddddd,d0d1d2d3d4d5d6d7,000000007fc12345,0000000000000000,0000000000000001
ROW,outside,fdiv,32,2,snan-snan,a1a2a3a47f812345,a5a6a7a8a9aaabac,b1b2b3b4ff856789,b5b6b7b8b9babbbc,dddddddddddddddd,d0d1d2d3d4d5d6d7,000000007fc12345,0000000000000000,0000000000000001
ROW,outside,fsqrt,32,0,normal,a1a2a3a43f800000,a5a6a7a8a9aaabac,b1b2b3b440000000,b5b6b7b8b9babbbc,dddddddddddddddd,d0d1d2d3d4d5d6d7,000000003f800000,0000000000000000,0000000000000000
ROW,outside,scvtf,32,0,integer3-vector,a1a2a3a400000003,a5a6a7a8a9aaabac,b1b2b3b440000000,b5b6b7b8b9babbbc,dddddddddddddddd,d0d1d2d3d4d5d6d7,0000000040400000,0000000000000000,0000000000000000
ROW,outside,fcvt,32,0,normal,3ff0000000000000,a5a6a7a8a9aaabac,b1b2b3b440000000,b5b6b7b8b9babbbc,dddddddddddddddd,d0d1d2d3d4d5d6d7,000000003f800000,0000000000000000,0000000000000000
ROW,outside,fsqrt,32,1,normal,a1a2a3a43f800000,a5a6a7a8a9aaabac,b1b2b3b440000000,b5b6b7b8b9babbbc,dddddddddddddddd,d0d1d2d3d4d5d6d7,000000003f800000,0000000000000000,0000000000000000
ROW,outside,scvtf,32,1,integer3-vector,a1a2a3a400000003,a5a6a7a8a9aaabac,b1b2b3b440000000,b5b6b7b8b9babbbc,dddddddddddddddd,d0d1d2d3d4d5d6d7,0000000040400000,0000000000000000,0000000000000000
ROW,outside,fcvt,32,1,normal,3ff0000000000000,a5a6a7a8a9aaabac,b1b2b3b440000000,b5b6b7b8b9babbbc,dddddddddddddddd,d0d1d2d3d4d5d6d7,000000003f800000,0000000000000000,0000000000000000
ROW,outside,scvtf-gpr,32,0,integer3-gpr,a1a2a3a43f800000,a5a6a7a8a9aaabac,b1b2b3b440000000,b5b6b7b8b9babbbc,dddddddddddddddd,d0d1d2d3d4d5d6d7,0000000040400000,0000000000000000,0000000000000000
ROW,outside,fadd,64,0,normal,3ff0000000000000,a5a6a7a8a9aaabac,4000000000000000,b5b6b7b8b9babbbc,dddddddddddddddd,d0d1d2d3d4d5d6d7,4008000000000000,0000000000000000,0000000000000000
ROW,outside,fadd,64,1,normal,3ff0000000000000,a5a6a7a8a9aaabac,4000000000000000,b5b6b7b8b9babbbc,dddddddddddddddd,d0d1d2d3d4d5d6d7,4008000000000000,0000000000000000,0000000000000000
ROW,outside,fadd,64,2,normal,3ff0000000000000,a5a6a7a8a9aaabac,4000000000000000,b5b6b7b8b9babbbc,dddddddddddddddd,d0d1d2d3d4d5d6d7,4008000000000000,0000000000000000,0000000000000000
ROW,outside,fadd,64,0,qnan-qnan,7ff80123456789ab,a5a6a7a8a9aaabac,fff8056789abcdef,b5b6b7b8b9babbbc,dddddddddddddddd,d0d1d2d3d4d5d6d7,7ff80123456789ab,0000000000000000,0000000000000000
ROW,outside,fadd,64,1,qnan-qnan,7ff80123456789ab,a5a6a7a8a9aaabac,fff8056789abcdef,b5b6b7b8b9babbbc,dddddddddddddddd,d0d1d2d3d4d5d6d7,7ff80123456789ab,0000000000000000,0000000000000000
ROW,outside,fadd,64,2,qnan-qnan,7ff80123456789ab,a5a6a7a8a9aaabac,fff8056789abcdef,b5b6b7b8b9babbbc,dddddddddddddddd,d0d1d2d3d4d5d6d7,7ff80123456789ab,0000000000000000,0000000000000000
ROW,outside,fadd,64,0,snan-qnan,7ff00123456789ab,a5a6a7a8a9aaabac,fff8056789abcdef,b5b6b7b8b9babbbc,dddddddddddddddd,d0d1d2d3d4d5d6d7,7ff80123456789ab,0000000000000000,0000000000000001
ROW,outside,fadd,64,1,snan-qnan,7ff00123456789ab,a5a6a7a8a9aaabac,fff8056789abcdef,b5b6b7b8b9babbbc,dddddddddddddddd,d0d1d2d3d4d5d6d7,7ff80123456789ab,0000000000000000,0000000000000001
ROW,outside,fadd,64,2,snan-qnan,7ff00123456789ab,a5a6a7a8a9aaabac,fff8056789abcdef,b5b6b7b8b9babbbc,dddddddddddddddd,d0d1d2d3d4d5d6d7,7ff80123456789ab,0000000000000000,0000000000000001
ROW,outside,fadd,64,0,qnan-snan,7ff80123456789ab,a5a6a7a8a9aaabac,fff0056789abcdef,b5b6b7b8b9babbbc,dddddddddddddddd,d0d1d2d3d4d5d6d7,fff8056789abcdef,0000000000000000,0000000000000001
ROW,outside,fadd,64,1,qnan-snan,7ff80123456789ab,a5a6a7a8a9aaabac,fff0056789abcdef,b5b6b7b8b9babbbc,dddddddddddddddd,d0d1d2d3d4d5d6d7,fff8056789abcdef,0000000000000000,0000000000000001
ROW,outside,fadd,64,2,qnan-snan,7ff80123456789ab,a5a6a7a8a9aaabac,fff0056789abcdef,b5b6b7b8b9babbbc,dddddddddddddddd,d0d1d2d3d4d5d6d7,fff8056789abcdef,0000000000000000,0000000000000001
ROW,outside,fadd,64,0,snan-snan,7ff00123456789ab,a5a6a7a8a9aaabac,fff0056789abcdef,b5b6b7b8b9babbbc,dddddddddddddddd,d0d1d2d3d4d5d6d7,7ff80123456789ab,0000000000000000,0000000000000001
ROW,outside,fadd,64,1,snan-snan,7ff00123456789ab,a5a6a7a8a9aaabac,fff0056789abcdef,b5b6b7b8b9babbbc,dddddddddddddddd,d0d1d2d3d4d5d6d7,7ff80123456789ab,0000000000000000,0000000000000001
ROW,outside,fadd,64,2,snan-snan,7ff00123456789ab,a5a6a7a8a9aaabac,fff0056789abcdef,b5b6b7b8b9babbbc,dddddddddddddddd,d0d1d2d3d4d5d6d7,7ff80123456789ab,0000000000000000,0000000000000001
ROW,outside,fsub,64,0,normal,3ff0000000000000,a5a6a7a8a9aaabac,4000000000000000,b5b6b7b8b9babbbc,dddddddddddddddd,d0d1d2d3d4d5d6d7,bff0000000000000,0000000000000000,0000000000000000
ROW,outside,fsub,64,1,normal,3ff0000000000000,a5a6a7a8a9aaabac,4000000000000000,b5b6b7b8b9babbbc,dddddddddddddddd,d0d1d2d3d4d5d6d7,bff0000000000000,0000000000000000,0000000000000000
ROW,outside,fsub,64,2,normal,3ff0000000000000,a5a6a7a8a9aaabac,4000000000000000,b5b6b7b8b9babbbc,dddddddddddddddd,d0d1d2d3d4d5d6d7,bff0000000000000,0000000000000000,0000000000000000
ROW,outside,fsub,64,0,qnan-qnan,7ff80123456789ab,a5a6a7a8a9aaabac,fff8056789abcdef,b5b6b7b8b9babbbc,dddddddddddddddd,d0d1d2d3d4d5d6d7,7ff80123456789ab,0000000000000000,0000000000000000
ROW,outside,fsub,64,1,qnan-qnan,7ff80123456789ab,a5a6a7a8a9aaabac,fff8056789abcdef,b5b6b7b8b9babbbc,dddddddddddddddd,d0d1d2d3d4d5d6d7,7ff80123456789ab,0000000000000000,0000000000000000
ROW,outside,fsub,64,2,qnan-qnan,7ff80123456789ab,a5a6a7a8a9aaabac,fff8056789abcdef,b5b6b7b8b9babbbc,dddddddddddddddd,d0d1d2d3d4d5d6d7,7ff80123456789ab,0000000000000000,0000000000000000
ROW,outside,fsub,64,0,snan-qnan,7ff00123456789ab,a5a6a7a8a9aaabac,fff8056789abcdef,b5b6b7b8b9babbbc,dddddddddddddddd,d0d1d2d3d4d5d6d7,7ff80123456789ab,0000000000000000,0000000000000001
ROW,outside,fsub,64,1,snan-qnan,7ff00123456789ab,a5a6a7a8a9aaabac,fff8056789abcdef,b5b6b7b8b9babbbc,dddddddddddddddd,d0d1d2d3d4d5d6d7,7ff80123456789ab,0000000000000000,0000000000000001
ROW,outside,fsub,64,2,snan-qnan,7ff00123456789ab,a5a6a7a8a9aaabac,fff8056789abcdef,b5b6b7b8b9babbbc,dddddddddddddddd,d0d1d2d3d4d5d6d7,7ff80123456789ab,0000000000000000,0000000000000001
ROW,outside,fsub,64,0,qnan-snan,7ff80123456789ab,a5a6a7a8a9aaabac,fff0056789abcdef,b5b6b7b8b9babbbc,dddddddddddddddd,d0d1d2d3d4d5d6d7,fff8056789abcdef,0000000000000000,0000000000000001
ROW,outside,fsub,64,1,qnan-snan,7ff80123456789ab,a5a6a7a8a9aaabac,fff0056789abcdef,b5b6b7b8b9babbbc,dddddddddddddddd,d0d1d2d3d4d5d6d7,fff8056789abcdef,0000000000000000,0000000000000001
ROW,outside,fsub,64,2,qnan-snan,7ff80123456789ab,a5a6a7a8a9aaabac,fff0056789abcdef,b5b6b7b8b9babbbc,dddddddddddddddd,d0d1d2d3d4d5d6d7,fff8056789abcdef,0000000000000000,0000000000000001
ROW,outside,fsub,64,0,snan-snan,7ff00123456789ab,a5a6a7a8a9aaabac,fff0056789abcdef,b5b6b7b8b9babbbc,dddddddddddddddd,d0d1d2d3d4d5d6d7,7ff80123456789ab,0000000000000000,0000000000000001
ROW,outside,fsub,64,1,snan-snan,7ff00123456789ab,a5a6a7a8a9aaabac,fff0056789abcdef,b5b6b7b8b9babbbc,dddddddddddddddd,d0d1d2d3d4d5d6d7,7ff80123456789ab,0000000000000000,0000000000000001
ROW,outside,fsub,64,2,snan-snan,7ff00123456789ab,a5a6a7a8a9aaabac,fff0056789abcdef,b5b6b7b8b9babbbc,dddddddddddddddd,d0d1d2d3d4d5d6d7,7ff80123456789ab,0000000000000000,0000000000000001
ROW,outside,fmul,64,0,normal,3ff0000000000000,a5a6a7a8a9aaabac,4000000000000000,b5b6b7b8b9babbbc,dddddddddddddddd,d0d1d2d3d4d5d6d7,4000000000000000,0000000000000000,0000000000000000
ROW,outside,fmul,64,1,normal,3ff0000000000000,a5a6a7a8a9aaabac,4000000000000000,b5b6b7b8b9babbbc,dddddddddddddddd,d0d1d2d3d4d5d6d7,4000000000000000,0000000000000000,0000000000000000
ROW,outside,fmul,64,2,normal,3ff0000000000000,a5a6a7a8a9aaabac,4000000000000000,b5b6b7b8b9babbbc,dddddddddddddddd,d0d1d2d3d4d5d6d7,4000000000000000,0000000000000000,0000000000000000
ROW,outside,fmul,64,0,qnan-qnan,7ff80123456789ab,a5a6a7a8a9aaabac,fff8056789abcdef,b5b6b7b8b9babbbc,dddddddddddddddd,d0d1d2d3d4d5d6d7,7ff80123456789ab,0000000000000000,0000000000000000
ROW,outside,fmul,64,1,qnan-qnan,7ff80123456789ab,a5a6a7a8a9aaabac,fff8056789abcdef,b5b6b7b8b9babbbc,dddddddddddddddd,d0d1d2d3d4d5d6d7,7ff80123456789ab,0000000000000000,0000000000000000
ROW,outside,fmul,64,2,qnan-qnan,7ff80123456789ab,a5a6a7a8a9aaabac,fff8056789abcdef,b5b6b7b8b9babbbc,dddddddddddddddd,d0d1d2d3d4d5d6d7,7ff80123456789ab,0000000000000000,0000000000000000
ROW,outside,fmul,64,0,snan-qnan,7ff00123456789ab,a5a6a7a8a9aaabac,fff8056789abcdef,b5b6b7b8b9babbbc,dddddddddddddddd,d0d1d2d3d4d5d6d7,7ff80123456789ab,0000000000000000,0000000000000001
ROW,outside,fmul,64,1,snan-qnan,7ff00123456789ab,a5a6a7a8a9aaabac,fff8056789abcdef,b5b6b7b8b9babbbc,dddddddddddddddd,d0d1d2d3d4d5d6d7,7ff80123456789ab,0000000000000000,0000000000000001
ROW,outside,fmul,64,2,snan-qnan,7ff00123456789ab,a5a6a7a8a9aaabac,fff8056789abcdef,b5b6b7b8b9babbbc,dddddddddddddddd,d0d1d2d3d4d5d6d7,7ff80123456789ab,0000000000000000,0000000000000001
ROW,outside,fmul,64,0,qnan-snan,7ff80123456789ab,a5a6a7a8a9aaabac,fff0056789abcdef,b5b6b7b8b9babbbc,dddddddddddddddd,d0d1d2d3d4d5d6d7,fff8056789abcdef,0000000000000000,0000000000000001
ROW,outside,fmul,64,1,qnan-snan,7ff80123456789ab,a5a6a7a8a9aaabac,fff0056789abcdef,b5b6b7b8b9babbbc,dddddddddddddddd,d0d1d2d3d4d5d6d7,fff8056789abcdef,0000000000000000,0000000000000001
ROW,outside,fmul,64,2,qnan-snan,7ff80123456789ab,a5a6a7a8a9aaabac,fff0056789abcdef,b5b6b7b8b9babbbc,dddddddddddddddd,d0d1d2d3d4d5d6d7,fff8056789abcdef,0000000000000000,0000000000000001
ROW,outside,fmul,64,0,snan-snan,7ff00123456789ab,a5a6a7a8a9aaabac,fff0056789abcdef,b5b6b7b8b9babbbc,dddddddddddddddd,d0d1d2d3d4d5d6d7,7ff80123456789ab,0000000000000000,0000000000000001
ROW,outside,fmul,64,1,snan-snan,7ff00123456789ab,a5a6a7a8a9aaabac,fff0056789abcdef,b5b6b7b8b9babbbc,dddddddddddddddd,d0d1d2d3d4d5d6d7,7ff80123456789ab,0000000000000000,0000000000000001
ROW,outside,fmul,64,2,snan-snan,7ff00123456789ab,a5a6a7a8a9aaabac,fff0056789abcdef,b5b6b7b8b9babbbc,dddddddddddddddd,d0d1d2d3d4d5d6d7,7ff80123456789ab,0000000000000000,0000000000000001
ROW,outside,fdiv,64,0,normal,3ff0000000000000,a5a6a7a8a9aaabac,4000000000000000,b5b6b7b8b9babbbc,dddddddddddddddd,d0d1d2d3d4d5d6d7,3fe0000000000000,0000000000000000,0000000000000000
ROW,outside,fdiv,64,1,normal,3ff0000000000000,a5a6a7a8a9aaabac,4000000000000000,b5b6b7b8b9babbbc,dddddddddddddddd,d0d1d2d3d4d5d6d7,3fe0000000000000,0000000000000000,0000000000000000
ROW,outside,fdiv,64,2,normal,3ff0000000000000,a5a6a7a8a9aaabac,4000000000000000,b5b6b7b8b9babbbc,dddddddddddddddd,d0d1d2d3d4d5d6d7,3fe0000000000000,0000000000000000,0000000000000000
ROW,outside,fdiv,64,0,qnan-qnan,7ff80123456789ab,a5a6a7a8a9aaabac,fff8056789abcdef,b5b6b7b8b9babbbc,dddddddddddddddd,d0d1d2d3d4d5d6d7,7ff80123456789ab,0000000000000000,0000000000000000
ROW,outside,fdiv,64,1,qnan-qnan,7ff80123456789ab,a5a6a7a8a9aaabac,fff8056789abcdef,b5b6b7b8b9babbbc,dddddddddddddddd,d0d1d2d3d4d5d6d7,7ff80123456789ab,0000000000000000,0000000000000000
ROW,outside,fdiv,64,2,qnan-qnan,7ff80123456789ab,a5a6a7a8a9aaabac,fff8056789abcdef,b5b6b7b8b9babbbc,dddddddddddddddd,d0d1d2d3d4d5d6d7,7ff80123456789ab,0000000000000000,0000000000000000
ROW,outside,fdiv,64,0,snan-qnan,7ff00123456789ab,a5a6a7a8a9aaabac,fff8056789abcdef,b5b6b7b8b9babbbc,dddddddddddddddd,d0d1d2d3d4d5d6d7,7ff80123456789ab,0000000000000000,0000000000000001
ROW,outside,fdiv,64,1,snan-qnan,7ff00123456789ab,a5a6a7a8a9aaabac,fff8056789abcdef,b5b6b7b8b9babbbc,dddddddddddddddd,d0d1d2d3d4d5d6d7,7ff80123456789ab,0000000000000000,0000000000000001
ROW,outside,fdiv,64,2,snan-qnan,7ff00123456789ab,a5a6a7a8a9aaabac,fff8056789abcdef,b5b6b7b8b9babbbc,dddddddddddddddd,d0d1d2d3d4d5d6d7,7ff80123456789ab,0000000000000000,0000000000000001
ROW,outside,fdiv,64,0,qnan-snan,7ff80123456789ab,a5a6a7a8a9aaabac,fff0056789abcdef,b5b6b7b8b9babbbc,dddddddddddddddd,d0d1d2d3d4d5d6d7,fff8056789abcdef,0000000000000000,0000000000000001
ROW,outside,fdiv,64,1,qnan-snan,7ff80123456789ab,a5a6a7a8a9aaabac,fff0056789abcdef,b5b6b7b8b9babbbc,dddddddddddddddd,d0d1d2d3d4d5d6d7,fff8056789abcdef,0000000000000000,0000000000000001
ROW,outside,fdiv,64,2,qnan-snan,7ff80123456789ab,a5a6a7a8a9aaabac,fff0056789abcdef,b5b6b7b8b9babbbc,dddddddddddddddd,d0d1d2d3d4d5d6d7,fff8056789abcdef,0000000000000000,0000000000000001
ROW,outside,fdiv,64,0,snan-snan,7ff00123456789ab,a5a6a7a8a9aaabac,fff0056789abcdef,b5b6b7b8b9babbbc,dddddddddddddddd,d0d1d2d3d4d5d6d7,7ff80123456789ab,0000000000000000,0000000000000001
ROW,outside,fdiv,64,1,snan-snan,7ff00123456789ab,a5a6a7a8a9aaabac,fff0056789abcdef,b5b6b7b8b9babbbc,dddddddddddddddd,d0d1d2d3d4d5d6d7,7ff80123456789ab,0000000000000000,0000000000000001
ROW,outside,fdiv,64,2,snan-snan,7ff00123456789ab,a5a6a7a8a9aaabac,fff0056789abcdef,b5b6b7b8b9babbbc,dddddddddddddddd,d0d1d2d3d4d5d6d7,7ff80123456789ab,0000000000000000,0000000000000001
ROW,outside,fsqrt,64,0,normal,3ff0000000000000,a5a6a7a8a9aaabac,4000000000000000,b5b6b7b8b9babbbc,dddddddddddddddd,d0d1d2d3d4d5d6d7,3ff0000000000000,0000000000000000,0000000000000000
ROW,outside,scvtf,64,0,integer3-vector,0000000000000003,a5a6a7a8a9aaabac,4000000000000000,b5b6b7b8b9babbbc,dddddddddddddddd,d0d1d2d3d4d5d6d7,4008000000000000,0000000000000000,0000000000000000
ROW,outside,fcvt,64,0,normal,a1a2a3a43f800000,a5a6a7a8a9aaabac,4000000000000000,b5b6b7b8b9babbbc,dddddddddddddddd,d0d1d2d3d4d5d6d7,3ff0000000000000,0000000000000000,0000000000000000
ROW,outside,fsqrt,64,1,normal,3ff0000000000000,a5a6a7a8a9aaabac,4000000000000000,b5b6b7b8b9babbbc,dddddddddddddddd,d0d1d2d3d4d5d6d7,3ff0000000000000,0000000000000000,0000000000000000
ROW,outside,scvtf,64,1,integer3-vector,0000000000000003,a5a6a7a8a9aaabac,4000000000000000,b5b6b7b8b9babbbc,dddddddddddddddd,d0d1d2d3d4d5d6d7,4008000000000000,0000000000000000,0000000000000000
ROW,outside,fcvt,64,1,normal,a1a2a3a43f800000,a5a6a7a8a9aaabac,4000000000000000,b5b6b7b8b9babbbc,dddddddddddddddd,d0d1d2d3d4d5d6d7,3ff0000000000000,0000000000000000,0000000000000000
ROW,outside,scvtf-gpr,64,0,integer3-gpr,3ff0000000000000,a5a6a7a8a9aaabac,4000000000000000,b5b6b7b8b9babbbc,dddddddddddddddd,d0d1d2d3d4d5d6d7,4008000000000000,0000000000000000,0000000000000000
END,outside,fpcr=0000000000000000
