MODE,control,call=0,arg=0,rc=-1
SIGNALROW,control,BRK,0,0,1,0,0000000000000000,0000000000000000,0000000000000000,0000000000000000,0,0
SIGNALROW,control,BRK,0,1,0,0,0000000000000000,0000000000000000,0000000000000000,0000000040000000,0,0
SIGNALROW,control,BRK,0,2,15,1,0000000000000000,0000000000000000,0000000000000000,0000000000000000,0,0
SIGNALROW,control,BRK,0,3,15,3,0000000000000000,0000000000000000,0000000000000000,0000000000000000,0,0
SIGNALROW,control,BRK,0,4,1,0,0000000000000000,0000000000000000,0000000000000000,0000000000000000,0,0
SIGNALROW,control,BRK,0,5,0,0,0000000000000000,0000000000000000,0000000000000000,0000000040000000,0,0
SIGNALROW,control,BRK,0,6,15,1,0000000000000000,0000000000000000,0000000000000000,0000000000000000,0,0
SIGNALROW,control,BRK,0,7,15,3,0000000000000000,0000000000000000,0000000000000000,0000000000000000,0,0
SIGNALROW,control,BRK,0,8,1,0,0000000000000000,0000000000000000,0000000000000000,0000000000000000,0,0
SIGNALROW,control,BRK,0,9,0,0,0000000000000000,0000000000000000,0000000000000000,0000000040000000,0,0
SIGNALROW,control,BRK,0,10,15,1,0000000000000000,0000000000000000,0000000000000000,0000000000000000,0,0
SIGNALROW,control,BRK,0,11,15,3,0000000000000000,0000000000000000,0000000000000000,0000000000000000,0,0
SIGNALROW,control,BRK,0,12,1,0,0000000000000000,0000000000000000,0000000000000000,0000000000000000,0,0
SIGNALROW,control,BRK,0,13,0,0,0000000000000000,0000000000000000,0000000000000000,0000000040000000,0,0
SIGNALROW,control,BRK,0,14,15,1,0000000000000000,0000000000000000,0000000000000000,0000000000000000,0,0
SIGNALROW,control,BRK,0,15,15,3,0000000000000000,0000000000000000,0000000000000000,0000000000000000,0,0
SIGNALSUM,control,BRK,0,10000,0,0,0,0,0
SIGNALROW,control,BRK,1,0,1,0,0000000000000000,0000000000001000,0000000000000000,0000000000000000,13059230107985016414,0
SIGNALROW,control,BRK,1,1,0,0,0000000000000000,0000000040001000,0000000000000000,0000000040000000,7969905041924869766,0
SIGNALROW,control,BRK,1,2,15,1,0000000000000000,0000000000001000,0000000040000000,0000000000000000,16592714377019745870,0
SIGNALROW,control,BRK,1,3,15,3,0000000000000000,0000000000001000,0000000000000000,0000000000000000,4801631049926914636,0
SIGNALROW,control,BRK,1,4,1,0,0000000000000000,0000000000001000,0000000000000000,0000000000000000,17332788850513683949,0
SIGNALROW,control,BRK,1,5,0,0,0000000000000000,0000000040001000,0000000000000000,0000000040000000,7561150907592376115,0
SIGNALROW,control,BRK,1,6,15,1,0000000000000000,0000000000001000,0000000040000000,0000000000000000,12651408103364660589,0
SIGNALROW,control,BRK,1,7,15,3,0000000000000000,0000000000001000,0000000000000000,0000000000000000,12573970742211559840,0
SIGNALROW,control,BRK,1,8,1,0,0000000000000000,0000000000001000,0000000000000000,0000000000000000,2658795612587784617,0
SIGNALROW,control,BRK,1,9,0,0,0000000000000000,0000000040001000,0000000000000000,0000000040000000,15304515814737962358,0
SIGNALROW,control,BRK,1,10,15,1,0000000000000000,0000000000001000,0000000040000000,0000000000000000,1606050132192538795,0
SIGNALROW,control,BRK,1,11,15,3,0000000000000000,0000000000001000,0000000000000000,0000000000000000,905334863287243996,0
SIGNALROW,control,BRK,1,12,1,0,0000000000000000,0000000000001000,0000000000000000,0000000000000000,9769664870846897864,0
SIGNALROW,control,BRK,1,13,0,0,0000000000000000,0000000040001000,0000000000000000,0000000040000000,5338070877315982428,0
SIGNALROW,control,BRK,1,14,15,1,0000000000000000,0000000000001000,0000000040000000,0000000000000000,1607076339393407393,0
SIGNALROW,control,BRK,1,15,15,3,0000000000000000,0000000000001000,0000000000000000,0000000000000000,13919554304910260654,0
SIGNALSUM,control,BRK,1,10000,0,0,0,0,0
SIGNALROW,control,BRK,2,0,1,0,0000000000000000,0000000000001000,0000000000000000,0000000000000000,2328876198313307210,0
SIGNALROW,control,BRK,2,1,0,0,0000000000000000,0000000040001000,0000000000000000,0000000040000000,9495983574930562343,0
SIGNALROW,control,BRK,2,2,15,1,0000000000000000,0000000000001000,0000000040000000,0000000000000000,8171030193052488385,0
SIGNALROW,control,BRK,2,3,15,3,0000000000000000,0000000000001000,0000000000000000,0000000000000000,12386327635940901506,0
SIGNALROW,control,BRK,2,4,1,0,0000000000000000,0000000000001000,0000000000000000,0000000000000000,14999501763346691263,0
SIGNALROW,control,BRK,2,5,0,0,0000000000000000,0000000040001000,0000000000000000,0000000040000000,3661227071122591728,0
SIGNALROW,control,BRK,2,6,15,1,0000000000000000,0000000000001000,0000000040000000,0000000000000000,3402022426458723866,0
SIGNALROW,control,BRK,2,7,15,3,0000000000000000,0000000000001000,0000000000000000,0000000000000000,16992868807599335341,0
SIGNALROW,control,BRK,2,8,1,0,0000000000000000,0000000000001000,0000000000000000,0000000000000000,13159971908330364284,0
SIGNALROW,control,BRK,2,9,0,0,0000000000000000,0000000040001000,0000000000000000,0000000040000000,3275140806390343878,0
SIGNALROW,control,BRK,2,10,15,1,0000000000000000,0000000000001000,0000000040000000,0000000000000000,5434354962351908673,0
SIGNALROW,control,BRK,2,11,15,3,0000000000000000,0000000000001000,0000000000000000,0000000000000000,15632112405111773285,0
SIGNALROW,control,BRK,2,12,1,0,0000000000000000,0000000000001000,0000000000000000,0000000000000000,5637615629685955383,0
SIGNALROW,control,BRK,2,13,0,0,0000000000000000,0000000040001000,0000000000000000,0000000040000000,6842386523109016709,0
SIGNALROW,control,BRK,2,14,15,1,0000000000000000,0000000000001000,0000000040000000,0000000000000000,10949310485052989004,0
SIGNALROW,control,BRK,2,15,15,3,0000000000000000,0000000000001000,0000000000000000,0000000000000000,4764299327569152428,0
SIGNALSUM,control,BRK,2,10000,0,0,0,0,0
SIGNALROW,control,NULL_LOAD,0,0,1,0,0000000000000000,0000000000000000,0000000000000000,0000000000000000,2976176823077999228,0
SIGNALROW,control,NULL_LOAD,0,1,0,0,0000000000000000,0000000000000000,0000000000000000,0000000040000000,2976176823077999228,0
SIGNALROW,control,NULL_LOAD,0,2,15,1,0000000000000000,0000000000000000,0000000000000000,0000000000000000,2976176823077999228,0
SIGNALROW,control,NULL_LOAD,0,3,15,3,0000000000000000,0000000000000000,0000000000000000,0000000000000000,2976176823077999228,0
SIGNALROW,control,NULL_LOAD,0,4,1,0,0000000000000000,0000000000000000,0000000000000000,0000000000000000,2976176823077999228,0
SIGNALROW,control,NULL_LOAD,0,5,0,0,0000000000000000,0000000000000000,0000000000000000,0000000040000000,2976176823077999228,0
SIGNALROW,control,NULL_LOAD,0,6,15,1,0000000000000000,0000000000000000,0000000000000000,0000000000000000,2976176823077999228,0
SIGNALROW,control,NULL_LOAD,0,7,15,3,0000000000000000,0000000000000000,0000000000000000,0000000000000000,2976176823077999228,0
SIGNALROW,control,NULL_LOAD,0,8,1,0,0000000000000000,0000000000000000,0000000000000000,0000000000000000,2976176823077999228,0
SIGNALROW,control,NULL_LOAD,0,9,0,0,0000000000000000,0000000000000000,0000000000000000,0000000040000000,2976176823077999228,0
SIGNALROW,control,NULL_LOAD,0,10,15,1,0000000000000000,0000000000000000,0000000000000000,0000000000000000,2976176823077999228,0
SIGNALROW,control,NULL_LOAD,0,11,15,3,0000000000000000,0000000000000000,0000000000000000,0000000000000000,2976176823077999228,0
SIGNALROW,control,NULL_LOAD,0,12,1,0,0000000000000000,0000000000000000,0000000000000000,0000000000000000,2976176823077999228,0
SIGNALROW,control,NULL_LOAD,0,13,0,0,0000000000000000,0000000000000000,0000000000000000,0000000040000000,2976176823077999228,0
SIGNALROW,control,NULL_LOAD,0,14,15,1,0000000000000000,0000000000000000,0000000000000000,0000000000000000,2976176823077999228,0
SIGNALROW,control,NULL_LOAD,0,15,15,3,0000000000000000,0000000000000000,0000000000000000,0000000000000000,2976176823077999228,0
SIGNALSUM,control,NULL_LOAD,0,10000,0,0,0,0,0
SIGNALROW,control,NULL_LOAD,1,0,1,0,0000000000000000,0000000000001000,0000000000000000,0000000000000000,1928494121170262548,0
SIGNALROW,control,NULL_LOAD,1,1,0,0,0000000000000000,0000000040001000,0000000000000000,0000000040000000,5651344124448914342,0
SIGNALROW,control,NULL_LOAD,1,2,15,1,0000000000000000,0000000000001000,0000000040000000,0000000000000000,10888542560448774798,0
SIGNALROW,control,NULL_LOAD,1,3,15,3,0000000000000000,0000000000001000,0000000000000000,0000000000000000,508308446750643541,0
SIGNALROW,control,NULL_LOAD,1,4,1,0,0000000000000000,0000000000001000,0000000000000000,0000000000000000,18042201724378106803,0
SIGNALROW,control,NULL_LOAD,1,5,0,0,0000000000000000,0000000040001000,0000000000000000,0000000040000000,3681622461910110042,0
SIGNALROW,control,NULL_LOAD,1,6,15,1,0000000000000000,0000000000001000,0000000040000000,0000000000000000,11801200139173457246,0
SIGNALROW,control,NULL_LOAD,1,7,15,3,0000000000000000,0000000000001000,0000000000000000,0000000000000000,11153507979655953045,0
SIGNALROW,control,NULL_LOAD,1,8,1,0,0000000000000000,0000000000001000,0000000000000000,0000000000000000,3683770510500594162,0
SIGNALROW,control,NULL_LOAD,1,9,0,0,0000000000000000,0000000040001000,0000000000000000,0000000040000000,10159502632341763526,0
SIGNALROW,control,NULL_LOAD,1,10,15,1,0000000000000000,0000000000001000,0000000040000000,0000000000000000,9001208678255337471,0
SIGNALROW,control,NULL_LOAD,1,11,15,3,0000000000000000,0000000000001000,0000000000000000,0000000000000000,8362516102149859311,0
SIGNALROW,control,NULL_LOAD,1,12,1,0,0000000000000000,0000000000001000,0000000000000000,0000000000000000,5647980744747221077,0
SIGNALROW,control,NULL_LOAD,1,13,0,0,0000000000000000,0000000040001000,0000000000000000,0000000040000000,1006552450754773781,0
SIGNALROW,control,NULL_LOAD,1,14,15,1,0000000000000000,0000000000001000,0000000040000000,0000000000000000,3207975809067316699,0
SIGNALROW,control,NULL_LOAD,1,15,15,3,0000000000000000,0000000000001000,0000000000000000,0000000000000000,11717301294355174189,0
SIGNALSUM,control,NULL_LOAD,1,10000,0,0,0,0,0
SIGNALROW,control,NULL_LOAD,2,0,1,0,0000000000000000,0000000000001000,0000000000000000,0000000000000000,12271375488679883372,0
SIGNALROW,control,NULL_LOAD,2,1,0,0,0000000000000000,0000000040001000,0000000000000000,0000000040000000,17069005921530359746,0
SIGNALROW,control,NULL_LOAD,2,2,15,1,0000000000000000,0000000000001000,0000000040000000,0000000000000000,9383028848660093942,0
SIGNALROW,control,NULL_LOAD,2,3,15,3,0000000000000000,0000000000001000,0000000000000000,0000000000000000,6905819650478751849,0
SIGNALROW,control,NULL_LOAD,2,4,1,0,0000000000000000,0000000000001000,0000000000000000,0000000000000000,1509490998181207578,0
SIGNALROW,control,NULL_LOAD,2,5,0,0,0000000000000000,0000000040001000,0000000000000000,0000000040000000,10390861045046707744,0
SIGNALROW,control,NULL_LOAD,2,6,15,1,0000000000000000,0000000000001000,0000000040000000,0000000000000000,228619168043417752,0
SIGNALROW,control,NULL_LOAD,2,7,15,3,0000000000000000,0000000000001000,0000000000000000,0000000000000000,276165555384301683,0
SIGNALROW,control,NULL_LOAD,2,8,1,0,0000000000000000,0000000000001000,0000000000000000,0000000000000000,6541658709441165580,0
SIGNALROW,control,NULL_LOAD,2,9,0,0,0000000000000000,0000000040001000,0000000000000000,0000000040000000,14469702070775018782,0
SIGNALROW,control,NULL_LOAD,2,10,15,1,0000000000000000,0000000000001000,0000000040000000,0000000000000000,913725648667718949,0
SIGNALROW,control,NULL_LOAD,2,11,15,3,0000000000000000,0000000000001000,0000000000000000,0000000000000000,3528757044844418614,0
SIGNALROW,control,NULL_LOAD,2,12,1,0,0000000000000000,0000000000001000,0000000000000000,0000000000000000,1687628433579538233,0
SIGNALROW,control,NULL_LOAD,2,13,0,0,0000000000000000,0000000040001000,0000000000000000,0000000040000000,2336607926771522452,0
SIGNALROW,control,NULL_LOAD,2,14,15,1,0000000000000000,0000000000001000,0000000040000000,0000000000000000,11005553248180950601,0
SIGNALROW,control,NULL_LOAD,2,15,15,3,0000000000000000,0000000000001000,0000000000000000,0000000000000000,12004845754763775577,0
SIGNALSUM,control,NULL_LOAD,2,10000,0,0,0,0,0
MODE,compat1,call=1,arg=1,rc=0
SIGNALROW,compat1,BRK,0,0,1,0,0000000000000000,0000000000000000,0000000000000000,0000000000000000,13102502584380419158,0
SIGNALROW,compat1,BRK,0,1,0,0,0000000004000000,0000000000000000,0000000000000000,0000000044000000,13102502584380419158,0
SIGNALROW,compat1,BRK,0,2,15,1,0000000008000000,0000000000000000,0000000000000000,0000000008000000,13102502584380419158,0
SIGNALROW,compat1,BRK,0,3,15,3,000000000c000000,0000000000000000,0000000000000000,000000000c000000,13102502584380419158,0
SIGNALROW,compat1,BRK,0,4,1,0,0000000000000000,0000000000000000,0000000000000000,0000000000000000,13102502584380419158,0
SIGNALROW,compat1,BRK,0,5,0,0,0000000004000000,0000000000000000,0000000000000000,0000000044000000,13102502584380419158,0
SIGNALROW,compat1,BRK,0,6,15,1,0000000008000000,0000000000000000,0000000000000000,0000000008000000,13102502584380419158,0
SIGNALROW,compat1,BRK,0,7,15,3,000000000c000000,0000000000000000,0000000000000000,000000000c000000,13102502584380419158,0
SIGNALROW,compat1,BRK,0,8,1,0,0000000000000000,0000000000000000,0000000000000000,0000000000000000,13102502584380419158,0
SIGNALROW,compat1,BRK,0,9,0,0,0000000004000000,0000000000000000,0000000000000000,0000000044000000,13102502584380419158,0
SIGNALROW,compat1,BRK,0,10,15,1,0000000008000000,0000000000000000,0000000000000000,0000000008000000,13102502584380419158,0
SIGNALROW,compat1,BRK,0,11,15,3,000000000c000000,0000000000000000,0000000000000000,000000000c000000,13102502584380419158,0
SIGNALROW,compat1,BRK,0,12,1,0,0000000000000000,0000000000000000,0000000000000000,0000000000000000,13102502584380419158,0
SIGNALROW,compat1,BRK,0,13,0,0,0000000004000000,0000000000000000,0000000000000000,0000000044000000,13102502584380419158,0
SIGNALROW,compat1,BRK,0,14,15,1,0000000008000000,0000000000000000,0000000000000000,0000000008000000,13102502584380419158,0
SIGNALROW,compat1,BRK,0,15,15,3,000000000c000000,0000000000000000,0000000000000000,000000000c000000,13102502584380419158,0
SIGNALSUM,compat1,BRK,0,10000,0,0,0,0,0
SIGNALROW,compat1,BRK,1,0,1,0,0000000000000000,0000000000001000,000000000c000000,0000000000000000,17168147025249311158,0
SIGNALROW,compat1,BRK,1,1,0,0,0000000004000000,0000000044001000,0000000008000000,0000000044000000,846754393251905295,0
SIGNALROW,compat1,BRK,1,2,15,1,0000000008000000,0000000008001000,0000000044000000,0000000008000000,9814990722485941611,0
SIGNALROW,compat1,BRK,1,3,15,3,000000000c000000,000000000c001000,0000000000000000,000000000c000000,3210603059329354655,0
SIGNALROW,compat1,BRK,1,4,1,0,0000000000000000,0000000000001000,000000000c000000,0000000000000000,1550476300009483381,0
SIGNALROW,compat1,BRK,1,5,0,0,0000000004000000,0000000044001000,0000000008000000,0000000044000000,9305868416710415161,0
SIGNALROW,compat1,BRK,1,6,15,1,0000000008000000,0000000008001000,0000000044000000,0000000008000000,5609365143644915560,0
SIGNALROW,compat1,BRK,1,7,15,3,000000000c000000,000000000c001000,0000000000000000,000000000c000000,10918403691115538373,0
SIGNALROW,compat1,BRK,1,8,1,0,0000000000000000,0000000000001000,000000000c000000,0000000000000000,2296775986957995266,0
SIGNALROW,compat1,BRK,1,9,0,0,0000000004000000,0000000044001000,0000000008000000,0000000044000000,3598782122272919431,0
SIGNALROW,compat1,BRK,1,10,15,1,0000000008000000,0000000008001000,0000000044000000,0000000008000000,4843356009157704136,0
SIGNALROW,compat1,BRK,1,11,15,3,000000000c000000,000000000c001000,0000000000000000,000000000c000000,8696733093658538538,0
SIGNALROW,compat1,BRK,1,12,1,0,0000000000000000,0000000000001000,000000000c000000,0000000000000000,5348274641372250878,0
SIGNALROW,compat1,BRK,1,13,0,0,0000000004000000,0000000044001000,0000000008000000,0000000044000000,10483084210135197421,0
SIGNALROW,compat1,BRK,1,14,15,1,0000000008000000,0000000008001000,0000000044000000,0000000008000000,5750710825114625032,0
SIGNALROW,compat1,BRK,1,15,15,3,000000000c000000,000000000c001000,0000000000000000,000000000c000000,983830244183836080,0
SIGNALSUM,compat1,BRK,1,10000,0,0,0,0,0
SIGNALROW,compat1,BRK,2,0,1,0,0000000000000000,0000000000001000,000000000c000000,0000000000000000,8373008157428693621,0
SIGNALROW,compat1,BRK,2,1,0,0,0000000004000000,0000000044001000,0000000008000000,0000000044000000,662870600520243108,0
SIGNALROW,compat1,BRK,2,2,15,1,0000000008000000,0000000008001000,0000000044000000,0000000008000000,15434124684516041357,0
SIGNALROW,compat1,BRK,2,3,15,3,000000000c000000,000000000c001000,0000000000000000,000000000c000000,11247236673043005325,0
SIGNALROW,compat1,BRK,2,4,1,0,0000000000000000,0000000000001000,000000000c000000,0000000000000000,10553969884928711344,0
SIGNALROW,compat1,BRK,2,5,0,0,0000000004000000,0000000044001000,0000000008000000,0000000044000000,16799304700908455409,0
SIGNALROW,compat1,BRK,2,6,15,1,0000000008000000,0000000008001000,0000000044000000,0000000008000000,2819225821072692857,0
SIGNALROW,compat1,BRK,2,7,15,3,000000000c000000,000000000c001000,0000000000000000,000000000c000000,11703530836481411679,0
SIGNALROW,compat1,BRK,2,8,1,0,0000000000000000,0000000000001000,000000000c000000,0000000000000000,6009312835185800816,0
SIGNALROW,compat1,BRK,2,9,0,0,0000000004000000,0000000044001000,0000000008000000,0000000044000000,490322932973030000,0
SIGNALROW,compat1,BRK,2,10,15,1,0000000008000000,0000000008001000,0000000044000000,0000000008000000,4446886737466226677,0
SIGNALROW,compat1,BRK,2,11,15,3,000000000c000000,000000000c001000,0000000000000000,000000000c000000,10605777773938151225,0
SIGNALROW,compat1,BRK,2,12,1,0,0000000000000000,0000000000001000,000000000c000000,0000000000000000,10510201479790205279,0
SIGNALROW,compat1,BRK,2,13,0,0,0000000004000000,0000000044001000,0000000008000000,0000000044000000,2193979254907915735,0
SIGNALROW,compat1,BRK,2,14,15,1,0000000008000000,0000000008001000,0000000044000000,0000000008000000,13735511842359235927,0
SIGNALROW,compat1,BRK,2,15,15,3,000000000c000000,000000000c001000,0000000000000000,000000000c000000,15184197928537027770,0
SIGNALSUM,compat1,BRK,2,10000,0,0,0,0,0
SIGNALROW,compat1,NULL_LOAD,0,0,1,0,0000000000000000,0000000000000000,0000000000000000,0000000000000000,14255267823311278570,0
SIGNALROW,compat1,NULL_LOAD,0,1,0,0,0000000004000000,0000000000000000,0000000000000000,0000000044000000,14255267823311278570,0
SIGNALROW,compat1,NULL_LOAD,0,2,15,1,0000000008000000,0000000000000000,0000000000000000,0000000008000000,14255267823311278570,0
SIGNALROW,compat1,NULL_LOAD,0,3,15,3,000000000c000000,0000000000000000,0000000000000000,000000000c000000,14255267823311278570,0
SIGNALROW,compat1,NULL_LOAD,0,4,1,0,0000000000000000,0000000000000000,0000000000000000,0000000000000000,14255267823311278570,0
SIGNALROW,compat1,NULL_LOAD,0,5,0,0,0000000004000000,0000000000000000,0000000000000000,0000000044000000,14255267823311278570,0
SIGNALROW,compat1,NULL_LOAD,0,6,15,1,0000000008000000,0000000000000000,0000000000000000,0000000008000000,14255267823311278570,0
SIGNALROW,compat1,NULL_LOAD,0,7,15,3,000000000c000000,0000000000000000,0000000000000000,000000000c000000,14255267823311278570,0
SIGNALROW,compat1,NULL_LOAD,0,8,1,0,0000000000000000,0000000000000000,0000000000000000,0000000000000000,14255267823311278570,0
SIGNALROW,compat1,NULL_LOAD,0,9,0,0,0000000004000000,0000000000000000,0000000000000000,0000000044000000,14255267823311278570,0
SIGNALROW,compat1,NULL_LOAD,0,10,15,1,0000000008000000,0000000000000000,0000000000000000,0000000008000000,14255267823311278570,0
SIGNALROW,compat1,NULL_LOAD,0,11,15,3,000000000c000000,0000000000000000,0000000000000000,000000000c000000,14255267823311278570,0
SIGNALROW,compat1,NULL_LOAD,0,12,1,0,0000000000000000,0000000000000000,0000000000000000,0000000000000000,14255267823311278570,0
SIGNALROW,compat1,NULL_LOAD,0,13,0,0,0000000004000000,0000000000000000,0000000000000000,0000000044000000,14255267823311278570,0
SIGNALROW,compat1,NULL_LOAD,0,14,15,1,0000000008000000,0000000000000000,0000000000000000,0000000008000000,14255267823311278570,0
SIGNALROW,compat1,NULL_LOAD,0,15,15,3,000000000c000000,0000000000000000,0000000000000000,000000000c000000,14255267823311278570,0
SIGNALSUM,compat1,NULL_LOAD,0,10000,0,0,0,0,0
SIGNALROW,compat1,NULL_LOAD,1,0,1,0,0000000000000000,0000000000001000,000000000c000000,0000000000000000,4580933394104065328,0
SIGNALROW,compat1,NULL_LOAD,1,1,0,0,0000000004000000,0000000044001000,0000000008000000,0000000044000000,3810914398309471901,0
SIGNALROW,compat1,NULL_LOAD,1,2,15,1,0000000008000000,0000000008001000,0000000044000000,0000000008000000,13398484091641392387,0
SIGNALROW,compat1,NULL_LOAD,1,3,15,3,000000000c000000,000000000c001000,0000000000000000,000000000c000000,3439585151738806609,0
SIGNALROW,compat1,NULL_LOAD,1,4,1,0,0000000000000000,0000000000001000,000000000c000000,0000000000000000,16405548697022956004,0
SIGNALROW,compat1,NULL_LOAD,1,5,0,0,0000000004000000,0000000044001000,0000000008000000,0000000044000000,4226881973033135373,0
SIGNALROW,compat1,NULL_LOAD,1,6,15,1,0000000008000000,0000000008001000,0000000044000000,0000000008000000,745660572783489085,0
SIGNALROW,compat1,NULL_LOAD,1,7,15,3,000000000c000000,000000000c001000,0000000000000000,000000000c000000,3426704022541585992,0
SIGNALROW,compat1,NULL_LOAD,1,8,1,0,0000000000000000,0000000000001000,000000000c000000,0000000000000000,9068478004263537166,0
SIGNALROW,compat1,NULL_LOAD,1,9,0,0,0000000004000000,0000000044001000,0000000008000000,0000000044000000,8456120328249198328,0
SIGNALROW,compat1,NULL_LOAD,1,10,15,1,0000000008000000,0000000008001000,0000000044000000,0000000008000000,6466032568562763081,0
SIGNALROW,compat1,NULL_LOAD,1,11,15,3,000000000c000000,000000000c001000,0000000000000000,000000000c000000,8930848009750048075,0
SIGNALROW,compat1,NULL_LOAD,1,12,1,0,0000000000000000,0000000000001000,000000000c000000,0000000000000000,11475710317782522457,0
SIGNALROW,compat1,NULL_LOAD,1,13,0,0,0000000004000000,0000000044001000,0000000008000000,0000000044000000,12712780409425896260,0
SIGNALROW,compat1,NULL_LOAD,1,14,15,1,0000000008000000,0000000008001000,0000000044000000,0000000008000000,339362712964682838,0
SIGNALROW,compat1,NULL_LOAD,1,15,15,3,000000000c000000,000000000c001000,0000000000000000,000000000c000000,9310060913231461444,0
SIGNALSUM,compat1,NULL_LOAD,1,10000,0,0,0,0,0
SIGNALROW,compat1,NULL_LOAD,2,0,1,0,0000000000000000,0000000000001000,000000000c000000,0000000000000000,3244934481285118314,0
SIGNALROW,compat1,NULL_LOAD,2,1,0,0,0000000004000000,0000000044001000,0000000008000000,0000000044000000,1305418452806601565,0
SIGNALROW,compat1,NULL_LOAD,2,2,15,1,0000000008000000,0000000008001000,0000000044000000,0000000008000000,6385342741296554468,0
SIGNALROW,compat1,NULL_LOAD,2,3,15,3,000000000c000000,000000000c001000,0000000000000000,000000000c000000,8000542719154325279,0
SIGNALROW,compat1,NULL_LOAD,2,4,1,0,0000000000000000,0000000000001000,000000000c000000,0000000000000000,2469150474094013770,0
SIGNALROW,compat1,NULL_LOAD,2,5,0,0,0000000004000000,0000000044001000,0000000008000000,0000000044000000,696639450330461676,0
SIGNALROW,compat1,NULL_LOAD,2,6,15,1,0000000008000000,0000000008001000,0000000044000000,0000000008000000,2390929010903132590,0
SIGNALROW,compat1,NULL_LOAD,2,7,15,3,000000000c000000,000000000c001000,0000000000000000,000000000c000000,16794969500472194523,0
SIGNALROW,compat1,NULL_LOAD,2,8,1,0,0000000000000000,0000000000001000,000000000c000000,0000000000000000,16528518938990430895,0
SIGNALROW,compat1,NULL_LOAD,2,9,0,0,0000000004000000,0000000044001000,0000000008000000,0000000044000000,7500248702216897721,0
SIGNALROW,compat1,NULL_LOAD,2,10,15,1,0000000008000000,0000000008001000,0000000044000000,0000000008000000,6279181216648852614,0
SIGNALROW,compat1,NULL_LOAD,2,11,15,3,000000000c000000,000000000c001000,0000000000000000,000000000c000000,15107719417659430545,0
SIGNALROW,compat1,NULL_LOAD,2,12,1,0,0000000000000000,0000000000001000,000000000c000000,0000000000000000,6129770140796417252,0
SIGNALROW,compat1,NULL_LOAD,2,13,0,0,0000000004000000,0000000044001000,0000000008000000,0000000044000000,13568788138219827490,0
SIGNALROW,compat1,NULL_LOAD,2,14,15,1,0000000008000000,0000000008001000,0000000044000000,0000000008000000,14721299012472558018,0
SIGNALROW,compat1,NULL_LOAD,2,15,15,3,000000000c000000,000000000c001000,0000000000000000,000000000c000000,12428818268081020195,0
SIGNALSUM,compat1,NULL_LOAD,2,10000,0,0,0,0,0
