operation,pc,rc,seed,random_count,edge_count,candidate,compared,value_equal,value_diff,exception_flags_diff,value_and_exception_equal,unsupported,fprem_partial,result_hash64
FABS,24,0,247a9c8135ef600d,1000000,1937,SSE2_sign_mask,1001937,1001937,0,6218,995719,0,0,50ed94ac40f3f4c7
FABS,24,1,247a9c8135ef600d,1000000,1937,SSE2_sign_mask,1001937,1001937,0,6218,995719,0,0,67577b8874e254c7
FABS,24,2,247a9c8135ef600d,1000000,1937,SSE2_sign_mask,1001937,1001937,0,6218,995719,0,0,e5f27f54e40134c7
FABS,24,3,247a9c8135ef600d,1000000,1937,SSE2_sign_mask,1001937,1001937,0,6218,995719,0,0,602c6ba85aff94c7
FABS,53,0,247a9c8135ef600d,1000000,1937,SSE2_sign_mask,1001937,1001937,0,992,1000945,0,0,59a87424e8fd72be
FABS,53,1,247a9c8135ef600d,1000000,1937,SSE2_sign_mask,1001937,1001937,0,992,1000945,0,0,48b863697deb92be
FABS,53,2,247a9c8135ef600d,1000000,1937,SSE2_sign_mask,1001937,1001937,0,992,1000945,0,0,ac7e94d7dbc032be
FABS,53,3,247a9c8135ef600d,1000000,1937,SSE2_sign_mask,1001937,1001937,0,992,1000945,0,0,43f4a0a9550c52be
FABS,64,0,247a9c8135ef600d,1000000,1937,SSE2_sign_mask,1001937,1001937,0,992,1000945,0,0,59a87424e8fd72be
FABS,64,1,247a9c8135ef600d,1000000,1937,SSE2_sign_mask,1001937,1001937,0,992,1000945,0,0,48b863697deb92be
FABS,64,2,247a9c8135ef600d,1000000,1937,SSE2_sign_mask,1001937,1001937,0,992,1000945,0,0,ac7e94d7dbc032be
FABS,64,3,247a9c8135ef600d,1000000,1937,SSE2_sign_mask,1001937,1001937,0,992,1000945,0,0,43f4a0a9550c52be
FCHS,24,0,247a9c8035ef600d,1000000,1937,SSE2_sign_xor,1001937,1001937,0,6102,995835,0,0,6365246bb14961aa
FCHS,24,1,247a9c8035ef600d,1000000,1937,SSE2_sign_xor,1001937,1001937,0,6102,995835,0,0,585492cec46941aa
FCHS,24,2,247a9c8035ef600d,1000000,1937,SSE2_sign_xor,1001937,1001937,0,6102,995835,0,0,2681edd152b221aa
FCHS,24,3,247a9c8035ef600d,1000000,1937,SSE2_sign_xor,1001937,1001937,0,6102,995835,0,0,184c1f15f26601aa
FCHS,53,0,247a9c8035ef600d,1000000,1937,SSE2_sign_xor,1001937,1001937,0,995,1000942,0,0,d96ecbffd2926aab
FCHS,53,1,247a9c8035ef600d,1000000,1937,SSE2_sign_xor,1001937,1001937,0,995,1000942,0,0,5a87d3f3ce0a8aab
FCHS,53,2,247a9c8035ef600d,1000000,1937,SSE2_sign_xor,1001937,1001937,0,995,1000942,0,0,dd3083aa357e2aab
FCHS,53,3,247a9c8035ef600d,1000000,1937,SSE2_sign_xor,1001937,1001937,0,995,1000942,0,0,4214ac86641a4aab
FCHS,64,0,247a9c8035ef600d,1000000,1937,SSE2_sign_xor,1001937,1001937,0,995,1000942,0,0,d96ecbffd2926aab
FCHS,64,1,247a9c8035ef600d,1000000,1937,SSE2_sign_xor,1001937,1001937,0,995,1000942,0,0,5a87d3f3ce0a8aab
FCHS,64,2,247a9c8035ef600d,1000000,1937,SSE2_sign_xor,1001937,1001937,0,995,1000942,0,0,dd3083aa357e2aab
FCHS,64,3,247a9c8035ef600d,1000000,1937,SSE2_sign_xor,1001937,1001937,0,995,1000942,0,0,4214ac86641a4aab
FRNDINT,24,0,247a9c8335ef600d,1000000,1937,SSE2_CVT_int64_finite_piecewise,997758,997758,0,4258,993500,4179,0,a8e1e78c0d39bfe8
FRNDINT,24,1,247a9c8335ef600d,1000000,1937,SSE2_CVT_int64_finite_piecewise,997758,997758,0,4258,993500,4179,0,1bfaea45517c68b0
FRNDINT,24,2,247a9c8335ef600d,1000000,1937,SSE2_CVT_int64_finite_piecewise,997758,997758,0,4258,993500,4179,0,5386e222787f7e8c
FRNDINT,24,3,247a9c8335ef600d,1000000,1937,SSE2_CVT_int64_finite_piecewise,997758,997758,0,4258,993500,4179,0,5b155f1808208fca
FRNDINT,53,0,247a9c8335ef600d,1000000,1937,SSE2_CVT_int64_finite_piecewise,1001218,1001218,0,638,1000580,719,0,a23bc3f4527ca38d
FRNDINT,53,1,247a9c8335ef600d,1000000,1937,SSE2_CVT_int64_finite_piecewise,1001218,1001218,0,638,1000580,719,0,356400276ef09a05
FRNDINT,53,2,247a9c8335ef600d,1000000,1937,SSE2_CVT_int64_finite_piecewise,1001218,1001218,0,638,1000580,719,0,9d1f7c9f790e156d
FRNDINT,53,3,247a9c8335ef600d,1000000,1937,SSE2_CVT_int64_finite_piecewise,1001218,1001218,0,638,1000580,719,0,d4793287de547227
FRNDINT,64,0,247a9c8335ef600d,1000000,1937,SSE2_CVT_int64_finite_piecewise,1001218,1001218,0,638,1000580,719,0,a23bc3f4527ca38d
FRNDINT,64,1,247a9c8335ef600d,1000000,1937,SSE2_CVT_int64_finite_piecewise,1001218,1001218,0,638,1000580,719,0,356400276ef09a05
FRNDINT,64,2,247a9c8335ef600d,1000000,1937,SSE2_CVT_int64_finite_piecewise,1001218,1001218,0,638,1000580,719,0,9d1f7c9f790e156d
FRNDINT,64,3,247a9c8335ef600d,1000000,1937,SSE2_CVT_int64_finite_piecewise,1001218,1001218,0,638,1000580,719,0,d4793287de547227
FRNDINT_SSE41,24,0,247a9c8335ef600d,1000000,1937,SSE4.1_ROUND_current_RC,1001937,1001937,0,4258,997679,0,0,1323fab3b9a4f7e0
FRNDINT_SSE41,24,1,247a9c8335ef600d,1000000,1937,SSE4.1_ROUND_current_RC,1001937,1001937,0,4258,997679,0,0,40928ef78d7854e4
FRNDINT_SSE41,24,2,247a9c8335ef600d,1000000,1937,SSE4.1_ROUND_current_RC,1001937,1001937,0,4258,997679,0,0,a0771233276ab53c
FRNDINT_SSE41,24,3,247a9c8335ef600d,1000000,1937,SSE4.1_ROUND_current_RC,1001937,1001937,0,4258,997679,0,0,7555ce3254def1da
FRNDINT_SSE41,53,0,247a9c8335ef600d,1000000,1937,SSE4.1_ROUND_current_RC,1001937,1001937,0,638,1001299,0,0,d663e45b5d2b1802
FRNDINT_SSE41,53,1,247a9c8335ef600d,1000000,1937,SSE4.1_ROUND_current_RC,1001937,1001937,0,638,1001299,0,0,ce5319441d7e255a
FRNDINT_SSE41,53,2,247a9c8335ef600d,1000000,1937,SSE4.1_ROUND_current_RC,1001937,1001937,0,638,1001299,0,0,a94f8c650575fd56
FRNDINT_SSE41,53,3,247a9c8335ef600d,1000000,1937,SSE4.1_ROUND_current_RC,1001937,1001937,0,638,1001299,0,0,66a28ba65488b264
FRNDINT_SSE41,64,0,247a9c8335ef600d,1000000,1937,SSE4.1_ROUND_current_RC,1001937,1001937,0,638,1001299,0,0,d663e45b5d2b1802
FRNDINT_SSE41,64,1,247a9c8335ef600d,1000000,1937,SSE4.1_ROUND_current_RC,1001937,1001937,0,638,1001299,0,0,ce5319441d7e255a
FRNDINT_SSE41,64,2,247a9c8335ef600d,1000000,1937,SSE4.1_ROUND_current_RC,1001937,1001937,0,638,1001299,0,0,a94f8c650575fd56
FRNDINT_SSE41,64,3,247a9c8335ef600d,1000000,1937,SSE4.1_ROUND_current_RC,1001937,1001937,0,638,1001299,0,0,66a28ba65488b264
FSCALE,24,0,247a9c8535ef600d,1000000,1937,SSE2_MUL_small_scale_normal_domain,514117,514117,0,3945,510172,487820,0,02da3ff726a5f279
FSCALE,24,1,247a9c8535ef600d,1000000,1937,SSE2_MUL_small_scale_normal_domain,514117,514117,0,3945,510172,487820,0,c5c5a0cebb79d7e9
FSCALE,24,2,247a9c8535ef600d,1000000,1937,SSE2_MUL_small_scale_normal_domain,514117,514117,0,3945,510172,487820,0,da3e65a489bbbe93
FSCALE,24,3,247a9c8535ef600d,1000000,1937,SSE2_MUL_small_scale_normal_domain,514117,514117,0,3945,510172,487820,0,894f6deee252c30c
FSCALE,53,0,247a9c8535ef600d,1000000,1937,SSE2_MUL_small_scale_normal_domain,502665,502665,0,634,502031,499272,0,26170e0b76b183ce
FSCALE,53,1,247a9c8535ef600d,1000000,1937,SSE2_MUL_small_scale_normal_domain,502665,502665,0,634,502031,499272,0,67000a16b488f8e5
FSCALE,53,2,247a9c8535ef600d,1000000,1937,SSE2_MUL_small_scale_normal_domain,502665,502665,0,634,502031,499272,0,ed620e46ac508ccd
FSCALE,53,3,247a9c8535ef600d,1000000,1937,SSE2_MUL_small_scale_normal_domain,502665,502665,0,634,502031,499272,0,4e06819503a7de27
FSCALE,64,0,247a9c8535ef600d,1000000,1937,SSE2_MUL_small_scale_normal_domain,502665,502665,0,634,502031,499272,0,26170e0b76b183ce
FSCALE,64,1,247a9c8535ef600d,1000000,1937,SSE2_MUL_small_scale_normal_domain,502665,502665,0,634,502031,499272,0,67000a16b488f8e5
FSCALE,64,2,247a9c8535ef600d,1000000,1937,SSE2_MUL_small_scale_normal_domain,502665,502665,0,634,502031,499272,0,ed620e46ac508ccd
FSCALE,64,3,247a9c8535ef600d,1000000,1937,SSE2_MUL_small_scale_normal_domain,502665,502665,0,634,502031,499272,0,4e06819503a7de27
FXTRACT,24,0,247a9c8435ef600d,1000000,1937,integer_decompose_SSE2_MOV_CVTSI_finite_nonzero,997687,997687,0,4208,993479,4250,0,fe4f73724638b3f1
FXTRACT,24,1,247a9c8435ef600d,1000000,1937,integer_decompose_SSE2_MOV_CVTSI_finite_nonzero,997687,997687,0,4208,993479,4250,0,8e4476ec353413f1
FXTRACT,24,2,247a9c8435ef600d,1000000,1937,integer_decompose_SSE2_MOV_CVTSI_finite_nonzero,997687,997687,0,4208,993479,4250,0,1ff45e1550df73f1
FXTRACT,24,3,247a9c8435ef600d,1000000,1937,integer_decompose_SSE2_MOV_CVTSI_finite_nonzero,997687,997687,0,4208,993479,4250,0,bfea06f50966d3f1
FXTRACT,53,0,247a9c8435ef600d,1000000,1937,integer_decompose_SSE2_MOV_CVTSI_finite_nonzero,1001115,1001115,0,644,1000471,822,0,e77e7dbe57177f44
FXTRACT,53,1,247a9c8435ef600d,1000000,1937,integer_decompose_SSE2_MOV_CVTSI_finite_nonzero,1001115,1001115,0,644,1000471,822,0,52f18b6b1a375f44
FXTRACT,53,2,247a9c8435ef600d,1000000,1937,integer_decompose_SSE2_MOV_CVTSI_finite_nonzero,1001115,1001115,0,644,1000471,822,0,1b3c6893407bbf44
FXTRACT,53,3,247a9c8435ef600d,1000000,1937,integer_decompose_SSE2_MOV_CVTSI_finite_nonzero,1001115,1001115,0,644,1000471,822,0,73aaca9782459f44
FXTRACT,64,0,247a9c8435ef600d,1000000,1937,integer_decompose_SSE2_MOV_CVTSI_finite_nonzero,1001115,1001115,0,644,1000471,822,0,e77e7dbe57177f44
FXTRACT,64,1,247a9c8435ef600d,1000000,1937,integer_decompose_SSE2_MOV_CVTSI_finite_nonzero,1001115,1001115,0,644,1000471,822,0,52f18b6b1a375f44
FXTRACT,64,2,247a9c8435ef600d,1000000,1937,integer_decompose_SSE2_MOV_CVTSI_finite_nonzero,1001115,1001115,0,644,1000471,822,0,1b3c6893407bbf44
FXTRACT,64,3,247a9c8435ef600d,1000000,1937,integer_decompose_SSE2_MOV_CVTSI_finite_nonzero,1001115,1001115,0,644,1000471,822,0,73aaca9782459f44
FPREM,24,0,247a9c8735ef600d,1000000,1937,SSE2_MOV_quotient_zero_domain,495797,495797,0,4015,491782,506140,280510,f4a2b469c8aa854d
FPREM,24,1,247a9c8735ef600d,1000000,1937,SSE2_MOV_quotient_zero_domain,495797,495797,0,4015,491782,506140,280510,c424300afe79254d
FPREM,24,2,247a9c8735ef600d,1000000,1937,SSE2_MOV_quotient_zero_domain,495797,495797,0,4015,491782,506140,280510,976ef9eec20d454d
FPREM,24,3,247a9c8735ef600d,1000000,1937,SSE2_MOV_quotient_zero_domain,495797,495797,0,4015,491782,506140,280510,38d984322814e54d
FPREM,53,0,247a9c8735ef600d,1000000,1937,SSE2_MOV_quotient_zero_domain,500259,500259,0,629,499630,501678,469261,1bb8733fa02b804d
FPREM,53,1,247a9c8735ef600d,1000000,1937,SSE2_MOV_quotient_zero_domain,500259,500259,0,629,499630,501678,469261,18a1b3f0a551e04d
FPREM,53,2,247a9c8735ef600d,1000000,1937,SSE2_MOV_quotient_zero_domain,500259,500259,0,629,499630,501678,469261,5fbf8574da5cc04d
FPREM,53,3,247a9c8735ef600d,1000000,1937,SSE2_MOV_quotient_zero_domain,500259,500259,0,629,499630,501678,469261,85f63c331846204d
FPREM,64,0,247a9c8735ef600d,1000000,1937,SSE2_MOV_quotient_zero_domain,500259,500259,0,629,499630,501678,469261,1bb8733fa02b804d
FPREM,64,1,247a9c8735ef600d,1000000,1937,SSE2_MOV_quotient_zero_domain,500259,500259,0,629,499630,501678,469261,18a1b3f0a551e04d
FPREM,64,2,247a9c8735ef600d,1000000,1937,SSE2_MOV_quotient_zero_domain,500259,500259,0,629,499630,501678,469261,5fbf8574da5cc04d
FPREM,64,3,247a9c8735ef600d,1000000,1937,SSE2_MOV_quotient_zero_domain,500259,500259,0,629,499630,501678,469261,85f63c331846204d
FPREM1,24,0,247a9c8635ef600d,1000000,1937,SSE2_MOV_quotient_zero_domain,492845,492845,0,3896,488949,509092,279922,bc30ab7e25400984
FPREM1,24,1,247a9c8635ef600d,1000000,1937,SSE2_MOV_quotient_zero_domain,492845,492845,0,3896,488949,509092,279922,49e8a680a8d3a984
FPREM1,24,2,247a9c8635ef600d,1000000,1937,SSE2_MOV_quotient_zero_domain,492845,492845,0,3896,488949,509092,279922,4708e185f0604984
FPREM1,24,3,247a9c8635ef600d,1000000,1937,SSE2_MOV_quotient_zero_domain,492845,492845,0,3896,488949,509092,279922,21162ecb5aa5e984
FPREM1,53,0,247a9c8635ef600d,1000000,1937,SSE2_MOV_quotient_zero_domain,499588,499588,0,612,498976,502349,469505,7cf389d564a6e8cb
FPREM1,53,1,247a9c8635ef600d,1000000,1937,SSE2_MOV_quotient_zero_domain,499588,499588,0,612,498976,502349,469505,23adf4e8df75c8cb
FPREM1,53,2,247a9c8635ef600d,1000000,1937,SSE2_MOV_quotient_zero_domain,499588,499588,0,612,498976,502349,469505,e0960e7a3d6aa8cb
FPREM1,53,3,247a9c8635ef600d,1000000,1937,SSE2_MOV_quotient_zero_domain,499588,499588,0,612,498976,502349,469505,d149a6dc5d7788cb
FPREM1,64,0,247a9c8635ef600d,1000000,1937,SSE2_MOV_quotient_zero_domain,499588,499588,0,612,498976,502349,469505,7cf389d564a6e8cb
FPREM1,64,1,247a9c8635ef600d,1000000,1937,SSE2_MOV_quotient_zero_domain,499588,499588,0,612,498976,502349,469505,23adf4e8df75c8cb
FPREM1,64,2,247a9c8635ef600d,1000000,1937,SSE2_MOV_quotient_zero_domain,499588,499588,0,612,498976,502349,469505,e0960e7a3d6aa8cb
FPREM1,64,3,247a9c8635ef600d,1000000,1937,SSE2_MOV_quotient_zero_domain,499588,499588,0,612,498976,502349,469505,d149a6dc5d7788cb
FILD16,24,0,247a9c8935ef600d,1000000,1937,SSE2_CVTSI,1001937,1001937,0,0,1001937,0,0,ec55e7f9b51c5d65
FILD16,24,1,247a9c8935ef600d,1000000,1937,SSE2_CVTSI,1001937,1001937,0,0,1001937,0,0,6eff586e5b7f3d65
FILD16,24,2,247a9c8935ef600d,1000000,1937,SSE2_CVTSI,1001937,1001937,0,0,1001937,0,0,6115e3791b581d65
FILD16,24,3,247a9c8935ef600d,1000000,1937,SSE2_CVTSI,1001937,1001937,0,0,1001937,0,0,77fae6c3afcffd65
FILD16,53,0,247a9c8935ef600d,1000000,1937,SSE2_CVTSI,1001937,1001937,0,0,1001937,0,0,a7c400b63e94a365
FILD16,53,1,247a9c8935ef600d,1000000,1937,SSE2_CVTSI,1001937,1001937,0,0,1001937,0,0,5c5eb08a3b3e8365
FILD16,53,2,247a9c8935ef600d,1000000,1937,SSE2_CVTSI,1001937,1001937,0,0,1001937,0,0,6631b8d5d79ee365
FILD16,53,3,247a9c8935ef600d,1000000,1937,SSE2_CVTSI,1001937,1001937,0,0,1001937,0,0,9428e1143240c365
FILD16,64,0,247a9c8935ef600d,1000000,1937,SSE2_CVTSI,1001937,1001937,0,0,1001937,0,0,a7c400b63e94a365
FILD16,64,1,247a9c8935ef600d,1000000,1937,SSE2_CVTSI,1001937,1001937,0,0,1001937,0,0,5c5eb08a3b3e8365
FILD16,64,2,247a9c8935ef600d,1000000,1937,SSE2_CVTSI,1001937,1001937,0,0,1001937,0,0,6631b8d5d79ee365
FILD16,64,3,247a9c8935ef600d,1000000,1937,SSE2_CVTSI,1001937,1001937,0,0,1001937,0,0,9428e1143240c365
FILD32,24,0,247a9c8835ef600d,1000000,1937,SSE2_CVTSI,1001937,36635,965302,965302,36635,0,0,9b959ed0d1df35e0
FILD32,24,1,247a9c8835ef600d,1000000,1937,SSE2_CVTSI,1001937,36635,965302,965302,36635,0,0,2d7de9f6eeda7676
FILD32,24,2,247a9c8835ef600d,1000000,1937,SSE2_CVTSI,1001937,36635,965302,965302,36635,0,0,b250197cde3951ea
FILD32,24,3,247a9c8835ef600d,1000000,1937,SSE2_CVTSI,1001937,36635,965302,965302,36635,0,0,622709516373f896
FILD32,53,0,247a9c8835ef600d,1000000,1937,SSE2_CVTSI,1001937,1001937,0,0,1001937,0,0,0cb9b193bcf2142f
FILD32,53,1,247a9c8835ef600d,1000000,1937,SSE2_CVTSI,1001937,1001937,0,0,1001937,0,0,e7a52aeb3892b42f
FILD32,53,2,247a9c8835ef600d,1000000,1937,SSE2_CVTSI,1001937,1001937,0,0,1001937,0,0,65894dcf2903d42f
FILD32,53,3,247a9c8835ef600d,1000000,1937,SSE2_CVTSI,1001937,1001937,0,0,1001937,0,0,bba1741de248742f
FILD32,64,0,247a9c8835ef600d,1000000,1937,SSE2_CVTSI,1001937,1001937,0,0,1001937,0,0,0cb9b193bcf2142f
FILD32,64,1,247a9c8835ef600d,1000000,1937,SSE2_CVTSI,1001937,1001937,0,0,1001937,0,0,e7a52aeb3892b42f
FILD32,64,2,247a9c8835ef600d,1000000,1937,SSE2_CVTSI,1001937,1001937,0,0,1001937,0,0,65894dcf2903d42f
FILD32,64,3,247a9c8835ef600d,1000000,1937,SSE2_CVTSI,1001937,1001937,0,0,1001937,0,0,bba1741de248742f
FILD64,24,0,247a9c8b35ef600d,1000000,1937,SSE2_CVTSI,1001937,1204,1000733,1000733,1204,0,0,a650700ffc96cb97
FILD64,24,1,247a9c8b35ef600d,1000000,1937,SSE2_CVTSI,1001937,1204,1000733,1000733,1204,0,0,fb9e167bb8a361bd
FILD64,24,2,247a9c8b35ef600d,1000000,1937,SSE2_CVTSI,1001937,1204,1000733,1000733,1204,0,0,10287ff056d96809
FILD64,24,3,247a9c8b35ef600d,1000000,1937,SSE2_CVTSI,1001937,1204,1000733,1000733,1204,0,0,95cddbc593710c26
FILD64,53,0,247a9c8b35ef600d,1000000,1937,SSE2_CVTSI,1001937,7611,994326,994326,7611,0,0,a184853da725d509
FILD64,53,1,247a9c8b35ef600d,1000000,1937,SSE2_CVTSI,1001937,7611,994326,994326,7611,0,0,1d10080c554d62ce
FILD64,53,2,247a9c8b35ef600d,1000000,1937,SSE2_CVTSI,1001937,7611,994326,994326,7611,0,0,b2ca4e4a8fd1c180
FILD64,53,3,247a9c8b35ef600d,1000000,1937,SSE2_CVTSI,1001937,7611,994326,994326,7611,0,0,741859f3d890f1c6
FILD64,64,0,247a9c8b35ef600d,1000000,1937,SSE2_CVTSI,1001937,7611,994326,994326,7611,0,0,a184853da725d509
FILD64,64,1,247a9c8b35ef600d,1000000,1937,SSE2_CVTSI,1001937,7611,994326,994326,7611,0,0,1d10080c554d62ce
FILD64,64,2,247a9c8b35ef600d,1000000,1937,SSE2_CVTSI,1001937,7611,994326,994326,7611,0,0,b2ca4e4a8fd1c180
FILD64,64,3,247a9c8b35ef600d,1000000,1937,SSE2_CVTSI,1001937,7611,994326,994326,7611,0,0,741859f3d890f1c6
FIST16,24,0,247a9c8a35ef600d,1000000,1937,SSE2_CVT32_low16_UNGUARDED,1001937,554459,447478,67394,550182,0,0,e4283c0b5bea52e0
FIST16,24,1,247a9c8a35ef600d,1000000,1937,SSE2_CVT32_low16_UNGUARDED,1001937,554457,447480,67354,550222,0,0,4d8f5a7b80c85fca
FIST16,24,2,247a9c8a35ef600d,1000000,1937,SSE2_CVT32_low16_UNGUARDED,1001937,554459,447478,67395,550181,0,0,8eed0e730c3bfe31
FIST16,24,3,247a9c8a35ef600d,1000000,1937,SSE2_CVT32_low16_UNGUARDED,1001937,554459,447478,67353,550223,0,0,11d3e2ba48771845
FIST16,53,0,247a9c8a35ef600d,1000000,1937,SSE2_CVT32_low16_UNGUARDED,1001937,508955,492982,8590,508258,0,0,26175797a4c4187c
FIST16,53,1,247a9c8a35ef600d,1000000,1937,SSE2_CVT32_low16_UNGUARDED,1001937,508955,492982,8590,508299,0,0,da4f968d72fbf551
FIST16,53,2,247a9c8a35ef600d,1000000,1937,SSE2_CVT32_low16_UNGUARDED,1001937,508955,492982,8590,508258,0,0,9ef0b66fbe3b4c73
FIST16,53,3,247a9c8a35ef600d,1000000,1937,SSE2_CVT32_low16_UNGUARDED,1001937,508955,492982,8590,508299,0,0,3426642048b4d203
FIST16,64,0,247a9c8a35ef600d,1000000,1937,SSE2_CVT32_low16_UNGUARDED,1001937,508955,492982,8590,508258,0,0,26175797a4c4187c
FIST16,64,1,247a9c8a35ef600d,1000000,1937,SSE2_CVT32_low16_UNGUARDED,1001937,508955,492982,8590,508299,0,0,da4f968d72fbf551
FIST16,64,2,247a9c8a35ef600d,1000000,1937,SSE2_CVT32_low16_UNGUARDED,1001937,508955,492982,8590,508258,0,0,9ef0b66fbe3b4c73
FIST16,64,3,247a9c8a35ef600d,1000000,1937,SSE2_CVT32_low16_UNGUARDED,1001937,508955,492982,8590,508299,0,0,3426642048b4d203
FIST32,24,0,247a9c8d35ef600d,1000000,1937,SSE2_CVT32,1001937,1001937,0,4136,997801,0,0,567b779e59f66d95
FIST32,24,1,247a9c8d35ef600d,1000000,1937,SSE2_CVT32,1001937,1001937,0,4136,997801,0,0,437a5b28eb3190f5
FIST32,24,2,247a9c8d35ef600d,1000000,1937,SSE2_CVT32,1001937,1001937,0,4136,997801,0,0,d121705d01918345
FIST32,24,3,247a9c8d35ef600d,1000000,1937,SSE2_CVT32,1001937,1001937,0,4136,997801,0,0,758cabfe1d6e0a85
FIST32,53,0,247a9c8d35ef600d,1000000,1937,SSE2_CVT32,1001937,1001937,0,673,1001264,0,0,d13563f1636b4a19
FIST32,53,1,247a9c8d35ef600d,1000000,1937,SSE2_CVT32,1001937,1001937,0,673,1001264,0,0,92dcbf4f714a305f
FIST32,53,2,247a9c8d35ef600d,1000000,1937,SSE2_CVT32,1001937,1001937,0,673,1001264,0,0,154b361bd05f1a39
FIST32,53,3,247a9c8d35ef600d,1000000,1937,SSE2_CVT32,1001937,1001937,0,673,1001264,0,0,540902790b980eff
FIST32,64,0,247a9c8d35ef600d,1000000,1937,SSE2_CVT32,1001937,1001937,0,673,1001264,0,0,d13563f1636b4a19
FIST32,64,1,247a9c8d35ef600d,1000000,1937,SSE2_CVT32,1001937,1001937,0,673,1001264,0,0,92dcbf4f714a305f
FIST32,64,2,247a9c8d35ef600d,1000000,1937,SSE2_CVT32,1001937,1001937,0,673,1001264,0,0,154b361bd05f1a39
FIST32,64,3,247a9c8d35ef600d,1000000,1937,SSE2_CVT32,1001937,1001937,0,673,1001264,0,0,540902790b980eff
FISTP16,24,0,247a9c8c35ef600d,1000000,1937,SSE2_CVT32_low16_UNGUARDED,1001937,556157,445780,67094,551886,0,0,ae6511c1f49591d5
FISTP16,24,1,247a9c8c35ef600d,1000000,1937,SSE2_CVT32_low16_UNGUARDED,1001937,556158,445779,67053,551927,0,0,1646931bd218a464
FISTP16,24,2,247a9c8c35ef600d,1000000,1937,SSE2_CVT32_low16_UNGUARDED,1001937,556156,445781,67094,551886,0,0,67c2c2d9ecc110a3
FISTP16,24,3,247a9c8c35ef600d,1000000,1937,SSE2_CVT32_low16_UNGUARDED,1001937,556157,445780,67053,551927,0,0,35e101f17d4e6cfa
FISTP16,53,0,247a9c8c35ef600d,1000000,1937,SSE2_CVT32_low16_UNGUARDED,1001937,507916,494021,8418,507224,0,0,ad7dd67c3992e517
FISTP16,53,1,247a9c8c35ef600d,1000000,1937,SSE2_CVT32_low16_UNGUARDED,1001937,507916,494021,8418,507265,0,0,3f96fcdc1071a620
FISTP16,53,2,247a9c8c35ef600d,1000000,1937,SSE2_CVT32_low16_UNGUARDED,1001937,507916,494021,8418,507224,0,0,08b705d1b3eed5d9
FISTP16,53,3,247a9c8c35ef600d,1000000,1937,SSE2_CVT32_low16_UNGUARDED,1001937,507916,494021,8418,507265,0,0,bccd435d18a23428
FISTP16,64,0,247a9c8c35ef600d,1000000,1937,SSE2_CVT32_low16_UNGUARDED,1001937,507916,494021,8418,507224,0,0,ad7dd67c3992e517
FISTP16,64,1,247a9c8c35ef600d,1000000,1937,SSE2_CVT32_low16_UNGUARDED,1001937,507916,494021,8418,507265,0,0,3f96fcdc1071a620
FISTP16,64,2,247a9c8c35ef600d,1000000,1937,SSE2_CVT32_low16_UNGUARDED,1001937,507916,494021,8418,507224,0,0,08b705d1b3eed5d9
FISTP16,64,3,247a9c8c35ef600d,1000000,1937,SSE2_CVT32_low16_UNGUARDED,1001937,507916,494021,8418,507265,0,0,bccd435d18a23428
FISTP32,24,0,247a9c8f35ef600d,1000000,1937,SSE2_CVT32,1001937,1001937,0,4050,997887,0,0,a633acbdf906b547
FISTP32,24,1,247a9c8f35ef600d,1000000,1937,SSE2_CVT32,1001937,1001937,0,4050,997887,0,0,e18e4520f8bf3ca7
FISTP32,24,2,247a9c8f35ef600d,1000000,1937,SSE2_CVT32,1001937,1001937,0,4050,997887,0,0,4bccb18735f0d337
FISTP32,24,3,247a9c8f35ef600d,1000000,1937,SSE2_CVT32,1001937,1001937,0,4050,997887,0,0,55e94b264413f967
FISTP32,53,0,247a9c8f35ef600d,1000000,1937,SSE2_CVT32,1001937,1001937,0,640,1001297,0,0,856e0c9919dd2b94
FISTP32,53,1,247a9c8f35ef600d,1000000,1937,SSE2_CVT32,1001937,1001937,0,640,1001297,0,0,6a34262e13b9b89e
FISTP32,53,2,247a9c8f35ef600d,1000000,1937,SSE2_CVT32,1001937,1001937,0,640,1001297,0,0,f18b3d80d2245754
FISTP32,53,3,247a9c8f35ef600d,1000000,1937,SSE2_CVT32,1001937,1001937,0,640,1001297,0,0,158587f13c41437e
FISTP32,64,0,247a9c8f35ef600d,1000000,1937,SSE2_CVT32,1001937,1001937,0,640,1001297,0,0,856e0c9919dd2b94
FISTP32,64,1,247a9c8f35ef600d,1000000,1937,SSE2_CVT32,1001937,1001937,0,640,1001297,0,0,6a34262e13b9b89e
FISTP32,64,2,247a9c8f35ef600d,1000000,1937,SSE2_CVT32,1001937,1001937,0,640,1001297,0,0,f18b3d80d2245754
FISTP32,64,3,247a9c8f35ef600d,1000000,1937,SSE2_CVT32,1001937,1001937,0,640,1001297,0,0,158587f13c41437e
FISTP64,24,0,247a9c8e35ef600d,1000000,1937,SSE2_CVT64,1001937,1001937,0,4141,997796,0,0,cebab30ca431a011
FISTP64,24,1,247a9c8e35ef600d,1000000,1937,SSE2_CVT64,1001937,1001937,0,4141,997796,0,0,da6c68c23b7575b1
FISTP64,24,2,247a9c8e35ef600d,1000000,1937,SSE2_CVT64,1001937,1001937,0,4141,997796,0,0,1faa5039aa201e91
FISTP64,24,3,247a9c8e35ef600d,1000000,1937,SSE2_CVT64,1001937,1001937,0,4141,997796,0,0,28df47c87624f171
FISTP64,53,0,247a9c8e35ef600d,1000000,1937,SSE2_CVT64,1001937,1001937,0,652,1001285,0,0,c7291d09d65a2f65
FISTP64,53,1,247a9c8e35ef600d,1000000,1937,SSE2_CVT64,1001937,1001937,0,652,1001285,0,0,781061ec2c5a45a5
FISTP64,53,2,247a9c8e35ef600d,1000000,1937,SSE2_CVT64,1001937,1001937,0,652,1001285,0,0,f98abbc3ffec6275
FISTP64,53,3,247a9c8e35ef600d,1000000,1937,SSE2_CVT64,1001937,1001937,0,652,1001285,0,0,35fb03aa2924a0d5
FISTP64,64,0,247a9c8e35ef600d,1000000,1937,SSE2_CVT64,1001937,1001937,0,652,1001285,0,0,c7291d09d65a2f65
FISTP64,64,1,247a9c8e35ef600d,1000000,1937,SSE2_CVT64,1001937,1001937,0,652,1001285,0,0,781061ec2c5a45a5
FISTP64,64,2,247a9c8e35ef600d,1000000,1937,SSE2_CVT64,1001937,1001937,0,652,1001285,0,0,f98abbc3ffec6275
FISTP64,64,3,247a9c8e35ef600d,1000000,1937,SSE2_CVT64,1001937,1001937,0,652,1001285,0,0,35fb03aa2924a0d5
FISTTP16,24,0,247a9c9135ef600d,1000000,1937,SSE2_CVTT32_low16_UNGUARDED,1001937,555435,446502,66931,551194,0,0,be39957054e1da18
FISTTP16,24,1,247a9c9135ef600d,1000000,1937,SSE2_CVTT32_low16_UNGUARDED,1001937,555435,446502,66931,551194,0,0,12e8d3929ada7a18
FISTTP16,24,2,247a9c9135ef600d,1000000,1937,SSE2_CVTT32_low16_UNGUARDED,1001937,555435,446502,66931,551194,0,0,ab6ca0d3401b9a18
FISTTP16,24,3,247a9c9135ef600d,1000000,1937,SSE2_CVTT32_low16_UNGUARDED,1001937,555435,446502,66931,551194,0,0,599d329210953a18
FISTTP16,53,0,247a9c9135ef600d,1000000,1937,SSE2_CVTT32_low16_UNGUARDED,1001937,507782,494155,8672,507113,0,0,d9532d62c4dc892c
FISTTP16,53,1,247a9c9135ef600d,1000000,1937,SSE2_CVTT32_low16_UNGUARDED,1001937,507782,494155,8672,507113,0,0,2a6f36d658c1692c
FISTTP16,53,2,247a9c9135ef600d,1000000,1937,SSE2_CVTT32_low16_UNGUARDED,1001937,507782,494155,8672,507113,0,0,cf5175becf72492c
FISTTP16,53,3,247a9c9135ef600d,1000000,1937,SSE2_CVTT32_low16_UNGUARDED,1001937,507782,494155,8672,507113,0,0,623ba7ac52cf292c
FISTTP16,64,0,247a9c9135ef600d,1000000,1937,SSE2_CVTT32_low16_UNGUARDED,1001937,507782,494155,8672,507113,0,0,d9532d62c4dc892c
FISTTP16,64,1,247a9c9135ef600d,1000000,1937,SSE2_CVTT32_low16_UNGUARDED,1001937,507782,494155,8672,507113,0,0,2a6f36d658c1692c
FISTTP16,64,2,247a9c9135ef600d,1000000,1937,SSE2_CVTT32_low16_UNGUARDED,1001937,507782,494155,8672,507113,0,0,cf5175becf72492c
FISTTP16,64,3,247a9c9135ef600d,1000000,1937,SSE2_CVTT32_low16_UNGUARDED,1001937,507782,494155,8672,507113,0,0,623ba7ac52cf292c
FISTTP32,24,0,247a9c9035ef600d,1000000,1937,SSE2_CVTT32,1001937,1001937,0,4259,997678,0,0,e6a07c2fdfe79435
FISTTP32,24,1,247a9c9035ef600d,1000000,1937,SSE2_CVTT32,1001937,1001937,0,4259,997678,0,0,76a2551488803435
FISTTP32,24,2,247a9c9035ef600d,1000000,1937,SSE2_CVTT32,1001937,1001937,0,4259,997678,0,0,709bab328dae5435
FISTTP32,24,3,247a9c9035ef600d,1000000,1937,SSE2_CVTT32,1001937,1001937,0,4259,997678,0,0,d221ccbc2977f435
FISTTP32,53,0,247a9c9035ef600d,1000000,1937,SSE2_CVTT32,1001937,1001937,0,568,1001369,0,0,a4e49da868e7780e
FISTTP32,53,1,247a9c9035ef600d,1000000,1937,SSE2_CVTT32,1001937,1001937,0,568,1001369,0,0,e9f04916c07cd80e
FISTTP32,53,2,247a9c9035ef600d,1000000,1937,SSE2_CVTT32,1001937,1001937,0,568,1001369,0,0,77b824d03eccb80e
FISTTP32,53,3,247a9c9035ef600d,1000000,1937,SSE2_CVTT32,1001937,1001937,0,568,1001369,0,0,633a483a8af6180e
FISTTP32,64,0,247a9c9035ef600d,1000000,1937,SSE2_CVTT32,1001937,1001937,0,568,1001369,0,0,a4e49da868e7780e
FISTTP32,64,1,247a9c9035ef600d,1000000,1937,SSE2_CVTT32,1001937,1001937,0,568,1001369,0,0,e9f04916c07cd80e
FISTTP32,64,2,247a9c9035ef600d,1000000,1937,SSE2_CVTT32,1001937,1001937,0,568,1001369,0,0,77b824d03eccb80e
FISTTP32,64,3,247a9c9035ef600d,1000000,1937,SSE2_CVTT32,1001937,1001937,0,568,1001369,0,0,633a483a8af6180e
FISTTP64,24,0,247a9c9335ef600d,1000000,1937,SSE2_CVTT64,1001937,1001937,0,4206,997731,0,0,aa7bf4db4fa2f236
FISTTP64,24,1,247a9c9335ef600d,1000000,1937,SSE2_CVTT64,1001937,1001937,0,4206,997731,0,0,4ac94e6f6d3f9236
FISTTP64,24,2,247a9c9335ef600d,1000000,1937,SSE2_CVTT64,1001937,1001937,0,4206,997731,0,0,f300dc71a70b3236
FISTTP64,24,3,247a9c9335ef600d,1000000,1937,SSE2_CVTT64,1001937,1001937,0,4206,997731,0,0,919ab19e5544d236
FISTTP64,53,0,247a9c9335ef600d,1000000,1937,SSE2_CVTT64,1001937,1001937,0,619,1001318,0,0,8eb28158ef920c17
FISTTP64,53,1,247a9c9335ef600d,1000000,1937,SSE2_CVTT64,1001937,1001937,0,619,1001318,0,0,1a1d2a167269ec17
FISTTP64,53,2,247a9c9335ef600d,1000000,1937,SSE2_CVTT64,1001937,1001937,0,619,1001318,0,0,4824dcceff384c17
FISTTP64,53,3,247a9c9335ef600d,1000000,1937,SSE2_CVTT64,1001937,1001937,0,619,1001318,0,0,0ef7c6962ee02c17
FISTTP64,64,0,247a9c9335ef600d,1000000,1937,SSE2_CVTT64,1001937,1001937,0,619,1001318,0,0,8eb28158ef920c17
FISTTP64,64,1,247a9c9335ef600d,1000000,1937,SSE2_CVTT64,1001937,1001937,0,619,1001318,0,0,1a1d2a167269ec17
FISTTP64,64,2,247a9c9335ef600d,1000000,1937,SSE2_CVTT64,1001937,1001937,0,619,1001318,0,0,4824dcceff384c17
FISTTP64,64,3,247a9c9335ef600d,1000000,1937,SSE2_CVTT64,1001937,1001937,0,619,1001318,0,0,0ef7c6962ee02c17
FLD32,24,0,247a9c9235ef600d,1000000,1937,SSE2_MOVSS,1001937,1001937,0,6133,995804,0,0,fa26dda425e6d2e3
FLD32,24,1,247a9c9235ef600d,1000000,1937,SSE2_MOVSS,1001937,1001937,0,6133,995804,0,0,17b3c79e38ca32e3
FLD32,24,2,247a9c9235ef600d,1000000,1937,SSE2_MOVSS,1001937,1001937,0,6133,995804,0,0,e2cf30dbe4f312e3
FLD32,24,3,247a9c9235ef600d,1000000,1937,SSE2_MOVSS,1001937,1001937,0,6133,995804,0,0,5dffcab6714572e3
FLD32,53,0,247a9c9235ef600d,1000000,1937,SSE2_MOVSS,1001937,1001937,0,6133,995804,0,0,fa26dda425e6d2e3
FLD32,53,1,247a9c9235ef600d,1000000,1937,SSE2_MOVSS,1001937,1001937,0,6133,995804,0,0,17b3c79e38ca32e3
FLD32,53,2,247a9c9235ef600d,1000000,1937,SSE2_MOVSS,1001937,1001937,0,6133,995804,0,0,e2cf30dbe4f312e3
FLD32,53,3,247a9c9235ef600d,1000000,1937,SSE2_MOVSS,1001937,1001937,0,6133,995804,0,0,5dffcab6714572e3
FLD32,64,0,247a9c9235ef600d,1000000,1937,SSE2_MOVSS,1001937,1001937,0,6133,995804,0,0,fa26dda425e6d2e3
FLD32,64,1,247a9c9235ef600d,1000000,1937,SSE2_MOVSS,1001937,1001937,0,6133,995804,0,0,17b3c79e38ca32e3
FLD32,64,2,247a9c9235ef600d,1000000,1937,SSE2_MOVSS,1001937,1001937,0,6133,995804,0,0,e2cf30dbe4f312e3
FLD32,64,3,247a9c9235ef600d,1000000,1937,SSE2_MOVSS,1001937,1001937,0,6133,995804,0,0,5dffcab6714572e3
FLD64,24,0,247a9c9535ef600d,1000000,1937,SSE2_MOVSD,1001937,1001937,0,944,1000993,0,0,26e5831b0b7ec212
FLD64,24,1,247a9c9535ef600d,1000000,1937,SSE2_MOVSD,1001937,1001937,0,944,1000993,0,0,2b7068bf01e5a212
FLD64,24,2,247a9c9535ef600d,1000000,1937,SSE2_MOVSD,1001937,1001937,0,944,1000993,0,0,90516b4359098212
FLD64,24,3,247a9c9535ef600d,1000000,1937,SSE2_MOVSD,1001937,1001937,0,944,1000993,0,0,fd9e21ee43a76212
FLD64,53,0,247a9c9535ef600d,1000000,1937,SSE2_MOVSD,1001937,1001937,0,944,1000993,0,0,26e5831b0b7ec212
FLD64,53,1,247a9c9535ef600d,1000000,1937,SSE2_MOVSD,1001937,1001937,0,944,1000993,0,0,2b7068bf01e5a212
FLD64,53,2,247a9c9535ef600d,1000000,1937,SSE2_MOVSD,1001937,1001937,0,944,1000993,0,0,90516b4359098212
FLD64,53,3,247a9c9535ef600d,1000000,1937,SSE2_MOVSD,1001937,1001937,0,944,1000993,0,0,fd9e21ee43a76212
FLD64,64,0,247a9c9535ef600d,1000000,1937,SSE2_MOVSD,1001937,1001937,0,944,1000993,0,0,26e5831b0b7ec212
FLD64,64,1,247a9c9535ef600d,1000000,1937,SSE2_MOVSD,1001937,1001937,0,944,1000993,0,0,2b7068bf01e5a212
FLD64,64,2,247a9c9535ef600d,1000000,1937,SSE2_MOVSD,1001937,1001937,0,944,1000993,0,0,90516b4359098212
FLD64,64,3,247a9c9535ef600d,1000000,1937,SSE2_MOVSD,1001937,1001937,0,944,1000993,0,0,fd9e21ee43a76212
FLD80,24,0,247a9c9435ef600d,1000000,1937,UNSUPPORTED,0,0,0,0,0,1001937,0,a5a6e3ce7f83da5a
FLD80,24,1,247a9c9435ef600d,1000000,1937,UNSUPPORTED,0,0,0,0,0,1001937,0,2b21438fb4b53a5a
FLD80,24,2,247a9c9435ef600d,1000000,1937,UNSUPPORTED,0,0,0,0,0,1001937,0,c1da9eb185399a5a
FLD80,24,3,247a9c9435ef600d,1000000,1937,UNSUPPORTED,0,0,0,0,0,1001937,0,13a4a40b2000fa5a
FLD80,53,0,247a9c9435ef600d,1000000,1937,UNSUPPORTED,0,0,0,0,0,1001937,0,a5a6e3ce7f83da5a
FLD80,53,1,247a9c9435ef600d,1000000,1937,UNSUPPORTED,0,0,0,0,0,1001937,0,2b21438fb4b53a5a
FLD80,53,2,247a9c9435ef600d,1000000,1937,UNSUPPORTED,0,0,0,0,0,1001937,0,c1da9eb185399a5a
FLD80,53,3,247a9c9435ef600d,1000000,1937,UNSUPPORTED,0,0,0,0,0,1001937,0,13a4a40b2000fa5a
FLD80,64,0,247a9c9435ef600d,1000000,1937,UNSUPPORTED,0,0,0,0,0,1001937,0,a5a6e3ce7f83da5a
FLD80,64,1,247a9c9435ef600d,1000000,1937,UNSUPPORTED,0,0,0,0,0,1001937,0,2b21438fb4b53a5a
FLD80,64,2,247a9c9435ef600d,1000000,1937,UNSUPPORTED,0,0,0,0,0,1001937,0,c1da9eb185399a5a
FLD80,64,3,247a9c9435ef600d,1000000,1937,UNSUPPORTED,0,0,0,0,0,1001937,0,13a4a40b2000fa5a
FST32,24,0,247a9c9735ef600d,1000000,1937,SSE2_CVTSD2SS,1001937,1001937,0,0,1001937,0,0,1c00ff48d4085064
FST32,24,1,247a9c9735ef600d,1000000,1937,SSE2_CVTSD2SS,1001937,1001937,0,0,1001937,0,0,eb99c580e985c40c
FST32,24,2,247a9c9735ef600d,1000000,1937,SSE2_CVTSD2SS,1001937,1001937,0,0,1001937,0,0,bb8068f56a82e0f4
FST32,24,3,247a9c9735ef600d,1000000,1937,SSE2_CVTSD2SS,1001937,1001937,0,0,1001937,0,0,bba8780580bd1194
FST32,53,0,247a9c9735ef600d,1000000,1937,SSE2_CVTSD2SS,1001937,1001937,0,0,1001937,0,0,1c00ff48d4085064
FST32,53,1,247a9c9735ef600d,1000000,1937,SSE2_CVTSD2SS,1001937,1001937,0,0,1001937,0,0,eb99c580e985c40c
FST32,53,2,247a9c9735ef600d,1000000,1937,SSE2_CVTSD2SS,1001937,1001937,0,0,1001937,0,0,bb8068f56a82e0f4
FST32,53,3,247a9c9735ef600d,1000000,1937,SSE2_CVTSD2SS,1001937,1001937,0,0,1001937,0,0,bba8780580bd1194
FST32,64,0,247a9c9735ef600d,1000000,1937,SSE2_CVTSD2SS,1001937,1001937,0,0,1001937,0,0,1c00ff48d4085064
FST32,64,1,247a9c9735ef600d,1000000,1937,SSE2_CVTSD2SS,1001937,1001937,0,0,1001937,0,0,eb99c580e985c40c
FST32,64,2,247a9c9735ef600d,1000000,1937,SSE2_CVTSD2SS,1001937,1001937,0,0,1001937,0,0,bb8068f56a82e0f4
FST32,64,3,247a9c9735ef600d,1000000,1937,SSE2_CVTSD2SS,1001937,1001937,0,0,1001937,0,0,bba8780580bd1194
FST64,24,0,247a9c9635ef600d,1000000,1937,SSE2_MOVSD,1001937,1001608,329,971,1000966,0,0,668593fea82fa67a
FST64,24,1,247a9c9635ef600d,1000000,1937,SSE2_MOVSD,1001937,1001608,329,971,1000966,0,0,2e41dca9c6d1867a
FST64,24,2,247a9c9635ef600d,1000000,1937,SSE2_MOVSD,1001937,1001608,329,971,1000966,0,0,569ac1984fd4667a
FST64,24,3,247a9c9635ef600d,1000000,1937,SSE2_MOVSD,1001937,1001608,329,971,1000966,0,0,2520de795d13467a
FST64,53,0,247a9c9635ef600d,1000000,1937,SSE2_MOVSD,1001937,1001608,329,971,1000966,0,0,668593fea82fa67a
FST64,53,1,247a9c9635ef600d,1000000,1937,SSE2_MOVSD,1001937,1001608,329,971,1000966,0,0,2e41dca9c6d1867a
FST64,53,2,247a9c9635ef600d,1000000,1937,SSE2_MOVSD,1001937,1001608,329,971,1000966,0,0,569ac1984fd4667a
FST64,53,3,247a9c9635ef600d,1000000,1937,SSE2_MOVSD,1001937,1001608,329,971,1000966,0,0,2520de795d13467a
FST64,64,0,247a9c9635ef600d,1000000,1937,SSE2_MOVSD,1001937,1001608,329,971,1000966,0,0,668593fea82fa67a
FST64,64,1,247a9c9635ef600d,1000000,1937,SSE2_MOVSD,1001937,1001608,329,971,1000966,0,0,2e41dca9c6d1867a
FST64,64,2,247a9c9635ef600d,1000000,1937,SSE2_MOVSD,1001937,1001608,329,971,1000966,0,0,569ac1984fd4667a
FST64,64,3,247a9c9635ef600d,1000000,1937,SSE2_MOVSD,1001937,1001608,329,971,1000966,0,0,2520de795d13467a
FSTP32,24,0,247a9c9935ef600d,1000000,1937,SSE2_CVTSD2SS,1001937,1001937,0,0,1001937,0,0,488e11170d247bca
FSTP32,24,1,247a9c9935ef600d,1000000,1937,SSE2_CVTSD2SS,1001937,1001937,0,0,1001937,0,0,2c2a581847a94aba
FSTP32,24,2,247a9c9935ef600d,1000000,1937,SSE2_CVTSD2SS,1001937,1001937,0,0,1001937,0,0,a91e28484f1edbe4
FSTP32,24,3,247a9c9935ef600d,1000000,1937,SSE2_CVTSD2SS,1001937,1001937,0,0,1001937,0,0,bfc1a103c617da1a
FSTP32,53,0,247a9c9935ef600d,1000000,1937,SSE2_CVTSD2SS,1001937,1001937,0,0,1001937,0,0,488e11170d247bca
FSTP32,53,1,247a9c9935ef600d,1000000,1937,SSE2_CVTSD2SS,1001937,1001937,0,0,1001937,0,0,2c2a581847a94aba
FSTP32,53,2,247a9c9935ef600d,1000000,1937,SSE2_CVTSD2SS,1001937,1001937,0,0,1001937,0,0,a91e28484f1edbe4
FSTP32,53,3,247a9c9935ef600d,1000000,1937,SSE2_CVTSD2SS,1001937,1001937,0,0,1001937,0,0,bfc1a103c617da1a
FSTP32,64,0,247a9c9935ef600d,1000000,1937,SSE2_CVTSD2SS,1001937,1001937,0,0,1001937,0,0,488e11170d247bca
FSTP32,64,1,247a9c9935ef600d,1000000,1937,SSE2_CVTSD2SS,1001937,1001937,0,0,1001937,0,0,2c2a581847a94aba
FSTP32,64,2,247a9c9935ef600d,1000000,1937,SSE2_CVTSD2SS,1001937,1001937,0,0,1001937,0,0,a91e28484f1edbe4
FSTP32,64,3,247a9c9935ef600d,1000000,1937,SSE2_CVTSD2SS,1001937,1001937,0,0,1001937,0,0,bfc1a103c617da1a
FSTP64,24,0,247a9c9835ef600d,1000000,1937,SSE2_MOVSD,1001937,1001598,339,966,1000971,0,0,7e7348aded23cdb0
FSTP64,24,1,247a9c9835ef600d,1000000,1937,SSE2_MOVSD,1001937,1001598,339,966,1000971,0,0,f24776ca9bdfadb0
FSTP64,24,2,247a9c9835ef600d,1000000,1937,SSE2_MOVSD,1001937,1001598,339,966,1000971,0,0,e65007aeea1a8db0
FSTP64,24,3,247a9c9835ef600d,1000000,1937,SSE2_MOVSD,1001937,1001598,339,966,1000971,0,0,73d550a719926db0
FSTP64,53,0,247a9c9835ef600d,1000000,1937,SSE2_MOVSD,1001937,1001598,339,966,1000971,0,0,7e7348aded23cdb0
FSTP64,53,1,247a9c9835ef600d,1000000,1937,SSE2_MOVSD,1001937,1001598,339,966,1000971,0,0,f24776ca9bdfadb0
FSTP64,53,2,247a9c9835ef600d,1000000,1937,SSE2_MOVSD,1001937,1001598,339,966,1000971,0,0,e65007aeea1a8db0
FSTP64,53,3,247a9c9835ef600d,1000000,1937,SSE2_MOVSD,1001937,1001598,339,966,1000971,0,0,73d550a719926db0
FSTP64,64,0,247a9c9835ef600d,1000000,1937,SSE2_MOVSD,1001937,1001598,339,966,1000971,0,0,7e7348aded23cdb0
FSTP64,64,1,247a9c9835ef600d,1000000,1937,SSE2_MOVSD,1001937,1001598,339,966,1000971,0,0,f24776ca9bdfadb0
FSTP64,64,2,247a9c9835ef600d,1000000,1937,SSE2_MOVSD,1001937,1001598,339,966,1000971,0,0,e65007aeea1a8db0
FSTP64,64,3,247a9c9835ef600d,1000000,1937,SSE2_MOVSD,1001937,1001598,339,966,1000971,0,0,73d550a719926db0
FSTP80,24,0,247a9c9b35ef600d,1000000,1937,UNSUPPORTED,0,0,0,0,0,1001937,0,5afcb566ce2aeca0
FSTP80,24,1,247a9c9b35ef600d,1000000,1937,UNSUPPORTED,0,0,0,0,0,1001937,0,b143d8e816fccca0
FSTP80,24,2,247a9c9b35ef600d,1000000,1937,UNSUPPORTED,0,0,0,0,0,1001937,0,a27cf8d212e62ca0
FSTP80,24,3,247a9c9b35ef600d,1000000,1937,UNSUPPORTED,0,0,0,0,0,1001937,0,7484518d2f590ca0
FSTP80,53,0,247a9c9b35ef600d,1000000,1937,UNSUPPORTED,0,0,0,0,0,1001937,0,5afcb566ce2aeca0
FSTP80,53,1,247a9c9b35ef600d,1000000,1937,UNSUPPORTED,0,0,0,0,0,1001937,0,b143d8e816fccca0
FSTP80,53,2,247a9c9b35ef600d,1000000,1937,UNSUPPORTED,0,0,0,0,0,1001937,0,a27cf8d212e62ca0
FSTP80,53,3,247a9c9b35ef600d,1000000,1937,UNSUPPORTED,0,0,0,0,0,1001937,0,7484518d2f590ca0
FSTP80,64,0,247a9c9b35ef600d,1000000,1937,UNSUPPORTED,0,0,0,0,0,1001937,0,5afcb566ce2aeca0
FSTP80,64,1,247a9c9b35ef600d,1000000,1937,UNSUPPORTED,0,0,0,0,0,1001937,0,b143d8e816fccca0
FSTP80,64,2,247a9c9b35ef600d,1000000,1937,UNSUPPORTED,0,0,0,0,0,1001937,0,a27cf8d212e62ca0
FSTP80,64,3,247a9c9b35ef600d,1000000,1937,UNSUPPORTED,0,0,0,0,0,1001937,0,7484518d2f590ca0
FCOM,24,0,247a9c9a35ef600d,1000000,1937,SSE2_COMI,1001937,1001937,0,80,1001857,0,0,c8c50e235cd95b93
FCOM,24,1,247a9c9a35ef600d,1000000,1937,SSE2_COMI,1001937,1001937,0,80,1001857,0,0,a2496cdd2461bb93
FCOM,24,2,247a9c9a35ef600d,1000000,1937,SSE2_COMI,1001937,1001937,0,80,1001857,0,0,6909ea3d4b241b93
FCOM,24,3,247a9c9a35ef600d,1000000,1937,SSE2_COMI,1001937,1001937,0,80,1001857,0,0,964b9a4780d87b93
FCOM,53,0,247a9c9a35ef600d,1000000,1937,SSE2_COMI,1001937,1001937,0,33,1001904,0,0,fc51f69802965478
FCOM,53,1,247a9c9a35ef600d,1000000,1937,SSE2_COMI,1001937,1001937,0,33,1001904,0,0,47c279f556c0b478
FCOM,53,2,247a9c9a35ef600d,1000000,1937,SSE2_COMI,1001937,1001937,0,33,1001904,0,0,22cbc72687579478
FCOM,53,3,247a9c9a35ef600d,1000000,1937,SSE2_COMI,1001937,1001937,0,33,1001904,0,0,c2556ca7c8eaf478
FCOM,64,0,247a9c9a35ef600d,1000000,1937,SSE2_COMI,1001937,1001937,0,33,1001904,0,0,fc51f69802965478
FCOM,64,1,247a9c9a35ef600d,1000000,1937,SSE2_COMI,1001937,1001937,0,33,1001904,0,0,47c279f556c0b478
FCOM,64,2,247a9c9a35ef600d,1000000,1937,SSE2_COMI,1001937,1001937,0,33,1001904,0,0,22cbc72687579478
FCOM,64,3,247a9c9a35ef600d,1000000,1937,SSE2_COMI,1001937,1001937,0,33,1001904,0,0,c2556ca7c8eaf478
FUCOM,24,0,247a9c9d35ef600d,1000000,1937,SSE2_UCOMI,1001937,1001937,0,85,1001852,0,0,70a93e186b88e2d6
FUCOM,24,1,247a9c9d35ef600d,1000000,1937,SSE2_UCOMI,1001937,1001937,0,85,1001852,0,0,549602a997c9c2d6
FUCOM,24,2,247a9c9d35ef600d,1000000,1937,SSE2_UCOMI,1001937,1001937,0,85,1001852,0,0,5e0f1932674a22d6
FUCOM,24,3,247a9c9d35ef600d,1000000,1937,SSE2_UCOMI,1001937,1001937,0,85,1001852,0,0,148b960825d802d6
FUCOM,53,0,247a9c9d35ef600d,1000000,1937,SSE2_UCOMI,1001937,1001937,0,32,1001905,0,0,7e261337084e1c0b
FUCOM,53,1,247a9c9d35ef600d,1000000,1937,SSE2_UCOMI,1001937,1001937,0,32,1001905,0,0,04ceaaced4a17c0b
FUCOM,53,2,247a9c9d35ef600d,1000000,1937,SSE2_UCOMI,1001937,1001937,0,32,1001905,0,0,4a725b3b3caddc0b
FUCOM,53,3,247a9c9d35ef600d,1000000,1937,SSE2_UCOMI,1001937,1001937,0,32,1001905,0,0,a2180006bfed3c0b
FUCOM,64,0,247a9c9d35ef600d,1000000,1937,SSE2_UCOMI,1001937,1001937,0,32,1001905,0,0,7e261337084e1c0b
FUCOM,64,1,247a9c9d35ef600d,1000000,1937,SSE2_UCOMI,1001937,1001937,0,32,1001905,0,0,04ceaaced4a17c0b
FUCOM,64,2,247a9c9d35ef600d,1000000,1937,SSE2_UCOMI,1001937,1001937,0,32,1001905,0,0,4a725b3b3caddc0b
FUCOM,64,3,247a9c9d35ef600d,1000000,1937,SSE2_UCOMI,1001937,1001937,0,32,1001905,0,0,a2180006bfed3c0b
FCOMI,24,0,247a9c9c35ef600d,1000000,1937,SSE2_COMI,1001937,1001937,0,76,1001861,0,0,43dd58847460b5e5
FCOMI,24,1,247a9c9c35ef600d,1000000,1937,SSE2_COMI,1001937,1001937,0,76,1001861,0,0,adfda21f9bff95e5
FCOMI,24,2,247a9c9c35ef600d,1000000,1937,SSE2_COMI,1001937,1001937,0,76,1001861,0,0,9761eb78fdf1f5e5
FCOMI,24,3,247a9c9c35ef600d,1000000,1937,SSE2_COMI,1001937,1001937,0,76,1001861,0,0,9530c1fe2127d5e5
FCOMI,53,0,247a9c9c35ef600d,1000000,1937,SSE2_COMI,1001937,1001937,0,32,1001905,0,0,c0041df9681e268e
FCOMI,53,1,247a9c9c35ef600d,1000000,1937,SSE2_COMI,1001937,1001937,0,32,1001905,0,0,63cff665fbac068e
FCOMI,53,2,247a9c9c35ef600d,1000000,1937,SSE2_COMI,1001937,1001937,0,32,1001905,0,0,9812e2d05fc9668e
FCOMI,53,3,247a9c9c35ef600d,1000000,1937,SSE2_COMI,1001937,1001937,0,32,1001905,0,0,dceeaf5af469468e
FCOMI,64,0,247a9c9c35ef600d,1000000,1937,SSE2_COMI,1001937,1001937,0,32,1001905,0,0,c0041df9681e268e
FCOMI,64,1,247a9c9c35ef600d,1000000,1937,SSE2_COMI,1001937,1001937,0,32,1001905,0,0,63cff665fbac068e
FCOMI,64,2,247a9c9c35ef600d,1000000,1937,SSE2_COMI,1001937,1001937,0,32,1001905,0,0,9812e2d05fc9668e
FCOMI,64,3,247a9c9c35ef600d,1000000,1937,SSE2_COMI,1001937,1001937,0,32,1001905,0,0,dceeaf5af469468e
FUCOMI,24,0,247a9c9f35ef600d,1000000,1937,SSE2_UCOMI,1001937,1001937,0,72,1001865,0,0,3fa955931032f22e
FUCOMI,24,1,247a9c9f35ef600d,1000000,1937,SSE2_UCOMI,1001937,1001937,0,72,1001865,0,0,02ff2a4f0258122e
FUCOMI,24,2,247a9c9f35ef600d,1000000,1937,SSE2_UCOMI,1001937,1001937,0,72,1001865,0,0,69bb6957571ab22e
FUCOMI,24,3,247a9c9f35ef600d,1000000,1937,SSE2_UCOMI,1001937,1001937,0,72,1001865,0,0,a7b697b3a16fd22e
FUCOMI,53,0,247a9c9f35ef600d,1000000,1937,SSE2_UCOMI,1001937,1001937,0,33,1001904,0,0,8073edc4f8b13910
FUCOMI,53,1,247a9c9f35ef600d,1000000,1937,SSE2_UCOMI,1001937,1001937,0,33,1001904,0,0,5a2738714fe61910
FUCOMI,53,2,247a9c9f35ef600d,1000000,1937,SSE2_UCOMI,1001937,1001937,0,33,1001904,0,0,69fb5f278742f910
FUCOMI,53,3,247a9c9f35ef600d,1000000,1937,SSE2_UCOMI,1001937,1001937,0,33,1001904,0,0,751304ad6e67d910
FUCOMI,64,0,247a9c9f35ef600d,1000000,1937,SSE2_UCOMI,1001937,1001937,0,33,1001904,0,0,8073edc4f8b13910
FUCOMI,64,1,247a9c9f35ef600d,1000000,1937,SSE2_UCOMI,1001937,1001937,0,33,1001904,0,0,5a2738714fe61910
FUCOMI,64,2,247a9c9f35ef600d,1000000,1937,SSE2_UCOMI,1001937,1001937,0,33,1001904,0,0,69fb5f278742f910
FUCOMI,64,3,247a9c9f35ef600d,1000000,1937,SSE2_UCOMI,1001937,1001937,0,33,1001904,0,0,751304ad6e67d910
