family,length,pc,rounding,class,total,random,edge
mul_div,2,53,RN,ALL,1000400,1000000,400
mul_div,2,53,RN,VALUE_MISMATCH,250414,250353,61
mul_div,2,53,RN,FLAGS_MISMATCH,250924,250849,75
mul_div,2,53,RN,NAN_PRESENT,1114,966,148
mul_div,2,53,RN,FIRST_ABOVE_BASELINE_RANGE,125557,125536,21
mul_div,2,53,RN,FIRST_BELOW_BASELINE_NORMAL,125124,125059,65
mul_div,2,53,RN,RECOVERED_NORMAL_AFTER_HIGH_FIRST,125557,125536,21
mul_div,2,53,RN,RECOVERED_NORMAL_AFTER_LOW_FIRST,124852,124818,34
mul_div,2,53,RN,NORMAL_FINAL_VALUE_MISMATCH,250123,250083,40
mul_div,2,53,RN,MATCH_VALUE_AND_FLAGS,749476,749151,325
mul_div,2,53,RD,ALL,1000400,1000000,400
mul_div,2,53,RD,VALUE_MISMATCH,250513,250447,66
mul_div,2,53,RD,FLAGS_MISMATCH,250926,250849,77
mul_div,2,53,RD,NAN_PRESENT,1114,966,148
mul_div,2,53,RD,FIRST_ABOVE_BASELINE_RANGE,125557,125536,21
mul_div,2,53,RD,FIRST_BELOW_BASELINE_NORMAL,125124,125059,65
mul_div,2,53,RD,RECOVERED_NORMAL_AFTER_HIGH_FIRST,125554,125536,18
mul_div,2,53,RD,RECOVERED_NORMAL_AFTER_LOW_FIRST,124852,124818,34
mul_div,2,53,RD,NORMAL_FINAL_VALUE_MISMATCH,250122,250084,38
mul_div,2,53,RD,MATCH_VALUE_AND_FLAGS,749474,749151,323
mul_div,2,53,RU,ALL,1000400,1000000,400
mul_div,2,53,RU,VALUE_MISMATCH,250526,250461,65
mul_div,2,53,RU,FLAGS_MISMATCH,250926,250849,77
mul_div,2,53,RU,NAN_PRESENT,1114,966,148
mul_div,2,53,RU,FIRST_ABOVE_BASELINE_RANGE,125557,125536,21
mul_div,2,53,RU,FIRST_BELOW_BASELINE_NORMAL,125124,125059,65
mul_div,2,53,RU,RECOVERED_NORMAL_AFTER_HIGH_FIRST,125554,125536,18
mul_div,2,53,RU,RECOVERED_NORMAL_AFTER_LOW_FIRST,124852,124818,34
mul_div,2,53,RU,NORMAL_FINAL_VALUE_MISMATCH,250130,250093,37
mul_div,2,53,RU,MATCH_VALUE_AND_FLAGS,749474,749151,323
mul_div,2,53,RZ,ALL,1000400,1000000,400
mul_div,2,53,RZ,VALUE_MISMATCH,250618,250553,65
mul_div,2,53,RZ,FLAGS_MISMATCH,250924,250849,75
mul_div,2,53,RZ,NAN_PRESENT,1114,966,148
mul_div,2,53,RZ,FIRST_ABOVE_BASELINE_RANGE,125557,125536,21
mul_div,2,53,RZ,FIRST_BELOW_BASELINE_NORMAL,125124,125059,65
mul_div,2,53,RZ,RECOVERED_NORMAL_AFTER_HIGH_FIRST,125557,125536,21
mul_div,2,53,RZ,RECOVERED_NORMAL_AFTER_LOW_FIRST,124852,124818,34
mul_div,2,53,RZ,NORMAL_FINAL_VALUE_MISMATCH,250115,250074,41
mul_div,2,53,RZ,MATCH_VALUE_AND_FLAGS,749476,749151,325
mul_div,2,24,RN,ALL,1000400,1000000,400
mul_div,2,24,RN,VALUE_MISMATCH,247907,247844,63
mul_div,2,24,RN,FLAGS_MISMATCH,251837,251762,75
mul_div,2,24,RN,NAN_PRESENT,8113,7965,148
mul_div,2,24,RN,FIRST_ABOVE_BASELINE_RANGE,124754,124733,21
mul_div,2,24,RN,FIRST_BELOW_BASELINE_NORMAL,125156,125091,65
mul_div,2,24,RN,RECOVERED_NORMAL_AFTER_HIGH_FIRST,124754,124733,21
mul_div,2,24,RN,RECOVERED_NORMAL_AFTER_LOW_FIRST,123107,123073,34
mul_div,2,24,RN,NORMAL_FINAL_VALUE_MISMATCH,245702,245661,41
mul_div,2,24,RN,MATCH_VALUE_AND_FLAGS,748560,748235,325
mul_div,2,24,RD,ALL,1000400,1000000,400
mul_div,2,24,RD,VALUE_MISMATCH,248751,248685,66
mul_div,2,24,RD,FLAGS_MISMATCH,251839,251762,77
mul_div,2,24,RD,NAN_PRESENT,8113,7965,148
mul_div,2,24,RD,FIRST_ABOVE_BASELINE_RANGE,124754,124733,21
mul_div,2,24,RD,FIRST_BELOW_BASELINE_NORMAL,125156,125091,65
mul_div,2,24,RD,RECOVERED_NORMAL_AFTER_HIGH_FIRST,124751,124733,18
mul_div,2,24,RD,RECOVERED_NORMAL_AFTER_LOW_FIRST,123107,123073,34
mul_div,2,24,RD,NORMAL_FINAL_VALUE_MISMATCH,245736,245698,38
mul_div,2,24,RD,MATCH_VALUE_AND_FLAGS,748558,748235,323
mul_div,2,24,RU,ALL,1000400,1000000,400
mul_div,2,24,RU,VALUE_MISMATCH,248646,248580,66
mul_div,2,24,RU,FLAGS_MISMATCH,251839,251762,77
mul_div,2,24,RU,NAN_PRESENT,8113,7965,148
mul_div,2,24,RU,FIRST_ABOVE_BASELINE_RANGE,124754,124733,21
mul_div,2,24,RU,FIRST_BELOW_BASELINE_NORMAL,125156,125091,65
mul_div,2,24,RU,RECOVERED_NORMAL_AFTER_HIGH_FIRST,124751,124733,18
mul_div,2,24,RU,RECOVERED_NORMAL_AFTER_LOW_FIRST,123107,123073,34
mul_div,2,24,RU,NORMAL_FINAL_VALUE_MISMATCH,245626,245588,38
mul_div,2,24,RU,MATCH_VALUE_AND_FLAGS,748558,748235,323
mul_div,2,24,RZ,ALL,1000400,1000000,400
mul_div,2,24,RZ,VALUE_MISMATCH,249516,249451,65
mul_div,2,24,RZ,FLAGS_MISMATCH,251837,251762,75
mul_div,2,24,RZ,NAN_PRESENT,8113,7965,148
mul_div,2,24,RZ,FIRST_ABOVE_BASELINE_RANGE,124754,124733,21
mul_div,2,24,RZ,FIRST_BELOW_BASELINE_NORMAL,125156,125091,65
mul_div,2,24,RZ,RECOVERED_NORMAL_AFTER_HIGH_FIRST,124754,124733,21
mul_div,2,24,RZ,RECOVERED_NORMAL_AFTER_LOW_FIRST,123107,123073,34
mul_div,2,24,RZ,NORMAL_FINAL_VALUE_MISMATCH,245657,245616,41
mul_div,2,24,RZ,MATCH_VALUE_AND_FLAGS,748560,748235,325
mul_div,3,53,RN,ALL,1000400,1000000,400
mul_div,3,53,RN,VALUE_MISMATCH,250408,250348,60
mul_div,3,53,RN,FLAGS_MISMATCH,250924,250849,75
mul_div,3,53,RN,NAN_PRESENT,1114,966,148
mul_div,3,53,RN,FIRST_ABOVE_BASELINE_RANGE,125557,125536,21
mul_div,3,53,RN,FIRST_BELOW_BASELINE_NORMAL,125124,125059,65
mul_div,3,53,RN,RECOVERED_NORMAL_AFTER_HIGH_FIRST,0,0,0
mul_div,3,53,RN,RECOVERED_NORMAL_AFTER_LOW_FIRST,0,0,0
mul_div,3,53,RN,NORMAL_FINAL_VALUE_MISMATCH,0,0,0
mul_div,3,53,RN,MATCH_VALUE_AND_FLAGS,749476,749151,325
mul_div,3,53,RD,ALL,1000400,1000000,400
mul_div,3,53,RD,VALUE_MISMATCH,250634,250569,65
mul_div,3,53,RD,FLAGS_MISMATCH,250926,250849,77
mul_div,3,53,RD,NAN_PRESENT,1114,966,148
mul_div,3,53,RD,FIRST_ABOVE_BASELINE_RANGE,125557,125536,21
mul_div,3,53,RD,FIRST_BELOW_BASELINE_NORMAL,125124,125059,65
mul_div,3,53,RD,RECOVERED_NORMAL_AFTER_HIGH_FIRST,0,0,0
mul_div,3,53,RD,RECOVERED_NORMAL_AFTER_LOW_FIRST,0,0,0
mul_div,3,53,RD,NORMAL_FINAL_VALUE_MISMATCH,106,103,3
mul_div,3,53,RD,MATCH_VALUE_AND_FLAGS,749474,749151,323
mul_div,3,53,RU,ALL,1000400,1000000,400
mul_div,3,53,RU,VALUE_MISMATCH,250638,250574,64
mul_div,3,53,RU,FLAGS_MISMATCH,250926,250849,77
mul_div,3,53,RU,NAN_PRESENT,1114,966,148
mul_div,3,53,RU,FIRST_ABOVE_BASELINE_RANGE,125557,125536,21
mul_div,3,53,RU,FIRST_BELOW_BASELINE_NORMAL,125124,125059,65
mul_div,3,53,RU,RECOVERED_NORMAL_AFTER_HIGH_FIRST,0,0,0
mul_div,3,53,RU,RECOVERED_NORMAL_AFTER_LOW_FIRST,0,0,0
mul_div,3,53,RU,NORMAL_FINAL_VALUE_MISMATCH,103,101,2
mul_div,3,53,RU,MATCH_VALUE_AND_FLAGS,749474,749151,323
mul_div,3,53,RZ,ALL,1000400,1000000,400
mul_div,3,53,RZ,VALUE_MISMATCH,250869,250805,64
mul_div,3,53,RZ,FLAGS_MISMATCH,250924,250849,75
mul_div,3,53,RZ,NAN_PRESENT,1114,966,148
mul_div,3,53,RZ,FIRST_ABOVE_BASELINE_RANGE,125557,125536,21
mul_div,3,53,RZ,FIRST_BELOW_BASELINE_NORMAL,125124,125059,65
mul_div,3,53,RZ,RECOVERED_NORMAL_AFTER_HIGH_FIRST,0,0,0
mul_div,3,53,RZ,RECOVERED_NORMAL_AFTER_LOW_FIRST,0,0,0
mul_div,3,53,RZ,NORMAL_FINAL_VALUE_MISMATCH,226,224,2
mul_div,3,53,RZ,MATCH_VALUE_AND_FLAGS,749476,749151,325
mul_div,3,24,RN,ALL,1000400,1000000,400
mul_div,3,24,RN,VALUE_MISMATCH,247931,247869,62
mul_div,3,24,RN,FLAGS_MISMATCH,251837,251762,75
mul_div,3,24,RN,NAN_PRESENT,8113,7965,148
mul_div,3,24,RN,FIRST_ABOVE_BASELINE_RANGE,124754,124733,21
mul_div,3,24,RN,FIRST_BELOW_BASELINE_NORMAL,125156,125091,65
mul_div,3,24,RN,RECOVERED_NORMAL_AFTER_HIGH_FIRST,0,0,0
mul_div,3,24,RN,RECOVERED_NORMAL_AFTER_LOW_FIRST,0,0,0
mul_div,3,24,RN,NORMAL_FINAL_VALUE_MISMATCH,0,0,0
mul_div,3,24,RN,MATCH_VALUE_AND_FLAGS,748560,748235,325
mul_div,3,24,RD,ALL,1000400,1000000,400
mul_div,3,24,RD,VALUE_MISMATCH,249735,249670,65
mul_div,3,24,RD,FLAGS_MISMATCH,251839,251762,77
mul_div,3,24,RD,NAN_PRESENT,8113,7965,148
mul_div,3,24,RD,FIRST_ABOVE_BASELINE_RANGE,124754,124733,21
mul_div,3,24,RD,FIRST_BELOW_BASELINE_NORMAL,125156,125091,65
mul_div,3,24,RD,RECOVERED_NORMAL_AFTER_HIGH_FIRST,0,0,0
mul_div,3,24,RD,RECOVERED_NORMAL_AFTER_LOW_FIRST,0,0,0
mul_div,3,24,RD,NORMAL_FINAL_VALUE_MISMATCH,856,853,3
mul_div,3,24,RD,MATCH_VALUE_AND_FLAGS,748558,748235,323
mul_div,3,24,RU,ALL,1000400,1000000,400
mul_div,3,24,RU,VALUE_MISMATCH,249682,249618,64
mul_div,3,24,RU,FLAGS_MISMATCH,251839,251762,77
mul_div,3,24,RU,NAN_PRESENT,8113,7965,148
mul_div,3,24,RU,FIRST_ABOVE_BASELINE_RANGE,124754,124733,21
mul_div,3,24,RU,FIRST_BELOW_BASELINE_NORMAL,125156,125091,65
mul_div,3,24,RU,RECOVERED_NORMAL_AFTER_HIGH_FIRST,0,0,0
mul_div,3,24,RU,RECOVERED_NORMAL_AFTER_LOW_FIRST,0,0,0
mul_div,3,24,RU,NORMAL_FINAL_VALUE_MISMATCH,845,843,2
mul_div,3,24,RU,MATCH_VALUE_AND_FLAGS,748558,748235,323
mul_div,3,24,RZ,ALL,1000400,1000000,400
mul_div,3,24,RZ,VALUE_MISMATCH,251489,251425,64
mul_div,3,24,RZ,FLAGS_MISMATCH,251837,251762,75
mul_div,3,24,RZ,NAN_PRESENT,8113,7965,148
mul_div,3,24,RZ,FIRST_ABOVE_BASELINE_RANGE,124754,124733,21
mul_div,3,24,RZ,FIRST_BELOW_BASELINE_NORMAL,125156,125091,65
mul_div,3,24,RZ,RECOVERED_NORMAL_AFTER_HIGH_FIRST,0,0,0
mul_div,3,24,RZ,RECOVERED_NORMAL_AFTER_LOW_FIRST,0,0,0
mul_div,3,24,RZ,NORMAL_FINAL_VALUE_MISMATCH,1707,1705,2
mul_div,3,24,RZ,MATCH_VALUE_AND_FLAGS,748560,748235,325
mul_div,4,53,RN,ALL,1000400,1000000,400
mul_div,4,53,RN,VALUE_MISMATCH,250414,250353,61
mul_div,4,53,RN,FLAGS_MISMATCH,250924,250849,75
mul_div,4,53,RN,NAN_PRESENT,1114,966,148
mul_div,4,53,RN,FIRST_ABOVE_BASELINE_RANGE,125557,125536,21
mul_div,4,53,RN,FIRST_BELOW_BASELINE_NORMAL,125124,125059,65
mul_div,4,53,RN,RECOVERED_NORMAL_AFTER_HIGH_FIRST,125557,125536,21
mul_div,4,53,RN,RECOVERED_NORMAL_AFTER_LOW_FIRST,124852,124818,34
mul_div,4,53,RN,NORMAL_FINAL_VALUE_MISMATCH,250123,250083,40
mul_div,4,53,RN,MATCH_VALUE_AND_FLAGS,749476,749151,325
mul_div,4,53,RD,ALL,1000400,1000000,400
mul_div,4,53,RD,VALUE_MISMATCH,250634,250569,65
mul_div,4,53,RD,FLAGS_MISMATCH,250926,250849,77
mul_div,4,53,RD,NAN_PRESENT,1114,966,148
mul_div,4,53,RD,FIRST_ABOVE_BASELINE_RANGE,125557,125536,21
mul_div,4,53,RD,FIRST_BELOW_BASELINE_NORMAL,125124,125059,65
mul_div,4,53,RD,RECOVERED_NORMAL_AFTER_HIGH_FIRST,125554,125536,18
mul_div,4,53,RD,RECOVERED_NORMAL_AFTER_LOW_FIRST,124852,124818,34
mul_div,4,53,RD,NORMAL_FINAL_VALUE_MISMATCH,250238,250200,38
mul_div,4,53,RD,MATCH_VALUE_AND_FLAGS,749474,749151,323
mul_div,4,53,RU,ALL,1000400,1000000,400
mul_div,4,53,RU,VALUE_MISMATCH,250650,250586,64
mul_div,4,53,RU,FLAGS_MISMATCH,250926,250849,77
mul_div,4,53,RU,NAN_PRESENT,1114,966,148
mul_div,4,53,RU,FIRST_ABOVE_BASELINE_RANGE,125557,125536,21
mul_div,4,53,RU,FIRST_BELOW_BASELINE_NORMAL,125124,125059,65
mul_div,4,53,RU,RECOVERED_NORMAL_AFTER_HIGH_FIRST,125554,125536,18
mul_div,4,53,RU,RECOVERED_NORMAL_AFTER_LOW_FIRST,124854,124818,36
mul_div,4,53,RU,NORMAL_FINAL_VALUE_MISMATCH,250253,250213,40
mul_div,4,53,RU,MATCH_VALUE_AND_FLAGS,749474,749151,323
mul_div,4,53,RZ,ALL,1000400,1000000,400
mul_div,4,53,RZ,VALUE_MISMATCH,250881,250817,64
mul_div,4,53,RZ,FLAGS_MISMATCH,250924,250849,75
mul_div,4,53,RZ,NAN_PRESENT,1114,966,148
mul_div,4,53,RZ,FIRST_ABOVE_BASELINE_RANGE,125557,125536,21
mul_div,4,53,RZ,FIRST_BELOW_BASELINE_NORMAL,125124,125059,65
mul_div,4,53,RZ,RECOVERED_NORMAL_AFTER_HIGH_FIRST,125557,125536,21
mul_div,4,53,RZ,RECOVERED_NORMAL_AFTER_LOW_FIRST,124852,124818,34
mul_div,4,53,RZ,NORMAL_FINAL_VALUE_MISMATCH,250367,250326,41
mul_div,4,53,RZ,MATCH_VALUE_AND_FLAGS,749476,749151,325
mul_div,4,24,RN,ALL,1000400,1000000,400
mul_div,4,24,RN,VALUE_MISMATCH,247907,247844,63
mul_div,4,24,RN,FLAGS_MISMATCH,251837,251762,75
mul_div,4,24,RN,NAN_PRESENT,8113,7965,148
mul_div,4,24,RN,FIRST_ABOVE_BASELINE_RANGE,124754,124733,21
mul_div,4,24,RN,FIRST_BELOW_BASELINE_NORMAL,125156,125091,65
mul_div,4,24,RN,RECOVERED_NORMAL_AFTER_HIGH_FIRST,124754,124733,21
mul_div,4,24,RN,RECOVERED_NORMAL_AFTER_LOW_FIRST,123107,123073,34
mul_div,4,24,RN,NORMAL_FINAL_VALUE_MISMATCH,245702,245661,41
mul_div,4,24,RN,MATCH_VALUE_AND_FLAGS,748560,748235,325
mul_div,4,24,RD,ALL,1000400,1000000,400
mul_div,4,24,RD,VALUE_MISMATCH,249743,249678,65
mul_div,4,24,RD,FLAGS_MISMATCH,251839,251762,77
mul_div,4,24,RD,NAN_PRESENT,8113,7965,148
mul_div,4,24,RD,FIRST_ABOVE_BASELINE_RANGE,124754,124733,21
mul_div,4,24,RD,FIRST_BELOW_BASELINE_NORMAL,125156,125091,65
mul_div,4,24,RD,RECOVERED_NORMAL_AFTER_HIGH_FIRST,124751,124733,18
mul_div,4,24,RD,RECOVERED_NORMAL_AFTER_LOW_FIRST,123107,123073,34
mul_div,4,24,RD,NORMAL_FINAL_VALUE_MISMATCH,246692,246654,38
mul_div,4,24,RD,MATCH_VALUE_AND_FLAGS,748558,748235,323
mul_div,4,24,RU,ALL,1000400,1000000,400
mul_div,4,24,RU,VALUE_MISMATCH,249689,249625,64
mul_div,4,24,RU,FLAGS_MISMATCH,251839,251762,77
mul_div,4,24,RU,NAN_PRESENT,8113,7965,148
mul_div,4,24,RU,FIRST_ABOVE_BASELINE_RANGE,124754,124733,21
mul_div,4,24,RU,FIRST_BELOW_BASELINE_NORMAL,125156,125091,65
mul_div,4,24,RU,RECOVERED_NORMAL_AFTER_HIGH_FIRST,124751,124733,18
mul_div,4,24,RU,RECOVERED_NORMAL_AFTER_LOW_FIRST,123109,123073,36
mul_div,4,24,RU,NORMAL_FINAL_VALUE_MISMATCH,246621,246581,40
mul_div,4,24,RU,MATCH_VALUE_AND_FLAGS,748558,748235,323
mul_div,4,24,RZ,ALL,1000400,1000000,400
mul_div,4,24,RZ,VALUE_MISMATCH,251573,251509,64
mul_div,4,24,RZ,FLAGS_MISMATCH,251837,251762,75
mul_div,4,24,RZ,NAN_PRESENT,8113,7965,148
mul_div,4,24,RZ,FIRST_ABOVE_BASELINE_RANGE,124754,124733,21
mul_div,4,24,RZ,FIRST_BELOW_BASELINE_NORMAL,125156,125091,65
mul_div,4,24,RZ,RECOVERED_NORMAL_AFTER_HIGH_FIRST,124754,124733,21
mul_div,4,24,RZ,RECOVERED_NORMAL_AFTER_LOW_FIRST,123107,123073,34
mul_div,4,24,RZ,NORMAL_FINAL_VALUE_MISMATCH,247623,247582,41
mul_div,4,24,RZ,MATCH_VALUE_AND_FLAGS,748560,748235,325
mul_div,5,53,RN,ALL,1000400,1000000,400
mul_div,5,53,RN,VALUE_MISMATCH,250408,250348,60
mul_div,5,53,RN,FLAGS_MISMATCH,250924,250849,75
mul_div,5,53,RN,NAN_PRESENT,1114,966,148
mul_div,5,53,RN,FIRST_ABOVE_BASELINE_RANGE,125557,125536,21
mul_div,5,53,RN,FIRST_BELOW_BASELINE_NORMAL,125124,125059,65
mul_div,5,53,RN,RECOVERED_NORMAL_AFTER_HIGH_FIRST,0,0,0
mul_div,5,53,RN,RECOVERED_NORMAL_AFTER_LOW_FIRST,0,0,0
mul_div,5,53,RN,NORMAL_FINAL_VALUE_MISMATCH,0,0,0
mul_div,5,53,RN,MATCH_VALUE_AND_FLAGS,749476,749151,325
mul_div,5,53,RD,ALL,1000400,1000000,400
mul_div,5,53,RD,VALUE_MISMATCH,250647,250582,65
mul_div,5,53,RD,FLAGS_MISMATCH,250926,250849,77
mul_div,5,53,RD,NAN_PRESENT,1114,966,148
mul_div,5,53,RD,FIRST_ABOVE_BASELINE_RANGE,125557,125536,21
mul_div,5,53,RD,FIRST_BELOW_BASELINE_NORMAL,125124,125059,65
mul_div,5,53,RD,RECOVERED_NORMAL_AFTER_HIGH_FIRST,0,0,0
mul_div,5,53,RD,RECOVERED_NORMAL_AFTER_LOW_FIRST,0,0,0
mul_div,5,53,RD,NORMAL_FINAL_VALUE_MISMATCH,113,110,3
mul_div,5,53,RD,MATCH_VALUE_AND_FLAGS,749474,749151,323
mul_div,5,53,RU,ALL,1000400,1000000,400
mul_div,5,53,RU,VALUE_MISMATCH,250653,250589,64
mul_div,5,53,RU,FLAGS_MISMATCH,250926,250849,77
mul_div,5,53,RU,NAN_PRESENT,1114,966,148
mul_div,5,53,RU,FIRST_ABOVE_BASELINE_RANGE,125557,125536,21
mul_div,5,53,RU,FIRST_BELOW_BASELINE_NORMAL,125124,125059,65
mul_div,5,53,RU,RECOVERED_NORMAL_AFTER_HIGH_FIRST,0,0,0
mul_div,5,53,RU,RECOVERED_NORMAL_AFTER_LOW_FIRST,0,0,0
mul_div,5,53,RU,NORMAL_FINAL_VALUE_MISMATCH,113,111,2
mul_div,5,53,RU,MATCH_VALUE_AND_FLAGS,749474,749151,323
mul_div,5,53,RZ,ALL,1000400,1000000,400
mul_div,5,53,RZ,VALUE_MISMATCH,250902,250838,64
mul_div,5,53,RZ,FLAGS_MISMATCH,250924,250849,75
mul_div,5,53,RZ,NAN_PRESENT,1114,966,148
mul_div,5,53,RZ,FIRST_ABOVE_BASELINE_RANGE,125557,125536,21
mul_div,5,53,RZ,FIRST_BELOW_BASELINE_NORMAL,125124,125059,65
mul_div,5,53,RZ,RECOVERED_NORMAL_AFTER_HIGH_FIRST,0,0,0
mul_div,5,53,RZ,RECOVERED_NORMAL_AFTER_LOW_FIRST,0,0,0
mul_div,5,53,RZ,NORMAL_FINAL_VALUE_MISMATCH,247,245,2
mul_div,5,53,RZ,MATCH_VALUE_AND_FLAGS,749476,749151,325
mul_div,5,24,RN,ALL,1000400,1000000,400
mul_div,5,24,RN,VALUE_MISMATCH,247931,247869,62
mul_div,5,24,RN,FLAGS_MISMATCH,251837,251762,75
mul_div,5,24,RN,NAN_PRESENT,8113,7965,148
mul_div,5,24,RN,FIRST_ABOVE_BASELINE_RANGE,124754,124733,21
mul_div,5,24,RN,FIRST_BELOW_BASELINE_NORMAL,125156,125091,65
mul_div,5,24,RN,RECOVERED_NORMAL_AFTER_HIGH_FIRST,0,0,0
mul_div,5,24,RN,RECOVERED_NORMAL_AFTER_LOW_FIRST,0,0,0
mul_div,5,24,RN,NORMAL_FINAL_VALUE_MISMATCH,0,0,0
mul_div,5,24,RN,MATCH_VALUE_AND_FLAGS,748560,748235,325
mul_div,5,24,RD,ALL,1000400,1000000,400
mul_div,5,24,RD,VALUE_MISMATCH,249845,249780,65
mul_div,5,24,RD,FLAGS_MISMATCH,251839,251762,77
mul_div,5,24,RD,NAN_PRESENT,8113,7965,148
mul_div,5,24,RD,FIRST_ABOVE_BASELINE_RANGE,124754,124733,21
mul_div,5,24,RD,FIRST_BELOW_BASELINE_NORMAL,125156,125091,65
mul_div,5,24,RD,RECOVERED_NORMAL_AFTER_HIGH_FIRST,0,0,0
mul_div,5,24,RD,RECOVERED_NORMAL_AFTER_LOW_FIRST,0,0,0
mul_div,5,24,RD,NORMAL_FINAL_VALUE_MISMATCH,921,918,3
mul_div,5,24,RD,MATCH_VALUE_AND_FLAGS,748558,748235,323
mul_div,5,24,RU,ALL,1000400,1000000,400
mul_div,5,24,RU,VALUE_MISMATCH,249801,249737,64
mul_div,5,24,RU,FLAGS_MISMATCH,251839,251762,77
mul_div,5,24,RU,NAN_PRESENT,8113,7965,148
mul_div,5,24,RU,FIRST_ABOVE_BASELINE_RANGE,124754,124733,21
mul_div,5,24,RU,FIRST_BELOW_BASELINE_NORMAL,125156,125091,65
mul_div,5,24,RU,RECOVERED_NORMAL_AFTER_HIGH_FIRST,0,0,0
mul_div,5,24,RU,RECOVERED_NORMAL_AFTER_LOW_FIRST,0,0,0
mul_div,5,24,RU,NORMAL_FINAL_VALUE_MISMATCH,913,911,2
mul_div,5,24,RU,MATCH_VALUE_AND_FLAGS,748558,748235,323
mul_div,5,24,RZ,ALL,1000400,1000000,400
mul_div,5,24,RZ,VALUE_MISMATCH,251723,251659,64
mul_div,5,24,RZ,FLAGS_MISMATCH,251837,251762,75
mul_div,5,24,RZ,NAN_PRESENT,8113,7965,148
mul_div,5,24,RZ,FIRST_ABOVE_BASELINE_RANGE,124754,124733,21
mul_div,5,24,RZ,FIRST_BELOW_BASELINE_NORMAL,125156,125091,65
mul_div,5,24,RZ,RECOVERED_NORMAL_AFTER_HIGH_FIRST,0,0,0
mul_div,5,24,RZ,RECOVERED_NORMAL_AFTER_LOW_FIRST,0,0,0
mul_div,5,24,RZ,NORMAL_FINAL_VALUE_MISMATCH,1855,1853,2
mul_div,5,24,RZ,MATCH_VALUE_AND_FLAGS,748560,748235,325
mul_div,6,53,RN,ALL,1000400,1000000,400
mul_div,6,53,RN,VALUE_MISMATCH,250414,250353,61
mul_div,6,53,RN,FLAGS_MISMATCH,250924,250849,75
mul_div,6,53,RN,NAN_PRESENT,1114,966,148
mul_div,6,53,RN,FIRST_ABOVE_BASELINE_RANGE,125557,125536,21
mul_div,6,53,RN,FIRST_BELOW_BASELINE_NORMAL,125124,125059,65
mul_div,6,53,RN,RECOVERED_NORMAL_AFTER_HIGH_FIRST,125557,125536,21
mul_div,6,53,RN,RECOVERED_NORMAL_AFTER_LOW_FIRST,124852,124818,34
mul_div,6,53,RN,NORMAL_FINAL_VALUE_MISMATCH,250123,250083,40
mul_div,6,53,RN,MATCH_VALUE_AND_FLAGS,749476,749151,325
mul_div,6,53,RD,ALL,1000400,1000000,400
mul_div,6,53,RD,VALUE_MISMATCH,250640,250575,65
mul_div,6,53,RD,FLAGS_MISMATCH,250926,250849,77
mul_div,6,53,RD,NAN_PRESENT,1114,966,148
mul_div,6,53,RD,FIRST_ABOVE_BASELINE_RANGE,125557,125536,21
mul_div,6,53,RD,FIRST_BELOW_BASELINE_NORMAL,125124,125059,65
mul_div,6,53,RD,RECOVERED_NORMAL_AFTER_HIGH_FIRST,125554,125536,18
mul_div,6,53,RD,RECOVERED_NORMAL_AFTER_LOW_FIRST,124852,124818,34
mul_div,6,53,RD,NORMAL_FINAL_VALUE_MISMATCH,250244,250206,38
mul_div,6,53,RD,MATCH_VALUE_AND_FLAGS,749474,749151,323
mul_div,6,53,RU,ALL,1000400,1000000,400
mul_div,6,53,RU,VALUE_MISMATCH,250656,250592,64
mul_div,6,53,RU,FLAGS_MISMATCH,250926,250849,77
mul_div,6,53,RU,NAN_PRESENT,1114,966,148
mul_div,6,53,RU,FIRST_ABOVE_BASELINE_RANGE,125557,125536,21
mul_div,6,53,RU,FIRST_BELOW_BASELINE_NORMAL,125124,125059,65
mul_div,6,53,RU,RECOVERED_NORMAL_AFTER_HIGH_FIRST,125554,125536,18
mul_div,6,53,RU,RECOVERED_NORMAL_AFTER_LOW_FIRST,124854,124818,36
mul_div,6,53,RU,NORMAL_FINAL_VALUE_MISMATCH,250259,250219,40
mul_div,6,53,RU,MATCH_VALUE_AND_FLAGS,749474,749151,323
mul_div,6,53,RZ,ALL,1000400,1000000,400
mul_div,6,53,RZ,VALUE_MISMATCH,250898,250834,64
mul_div,6,53,RZ,FLAGS_MISMATCH,250924,250849,75
mul_div,6,53,RZ,NAN_PRESENT,1114,966,148
mul_div,6,53,RZ,FIRST_ABOVE_BASELINE_RANGE,125557,125536,21
mul_div,6,53,RZ,FIRST_BELOW_BASELINE_NORMAL,125124,125059,65
mul_div,6,53,RZ,RECOVERED_NORMAL_AFTER_HIGH_FIRST,125557,125536,21
mul_div,6,53,RZ,RECOVERED_NORMAL_AFTER_LOW_FIRST,124852,124818,34
mul_div,6,53,RZ,NORMAL_FINAL_VALUE_MISMATCH,250383,250342,41
mul_div,6,53,RZ,MATCH_VALUE_AND_FLAGS,749476,749151,325
mul_div,6,24,RN,ALL,1000400,1000000,400
mul_div,6,24,RN,VALUE_MISMATCH,247907,247844,63
mul_div,6,24,RN,FLAGS_MISMATCH,251837,251762,75
mul_div,6,24,RN,NAN_PRESENT,8113,7965,148
mul_div,6,24,RN,FIRST_ABOVE_BASELINE_RANGE,124754,124733,21
mul_div,6,24,RN,FIRST_BELOW_BASELINE_NORMAL,125156,125091,65
mul_div,6,24,RN,RECOVERED_NORMAL_AFTER_HIGH_FIRST,124754,124733,21
mul_div,6,24,RN,RECOVERED_NORMAL_AFTER_LOW_FIRST,123107,123073,34
mul_div,6,24,RN,NORMAL_FINAL_VALUE_MISMATCH,245702,245661,41
mul_div,6,24,RN,MATCH_VALUE_AND_FLAGS,748560,748235,325
mul_div,6,24,RD,ALL,1000400,1000000,400
mul_div,6,24,RD,VALUE_MISMATCH,249826,249761,65
mul_div,6,24,RD,FLAGS_MISMATCH,251839,251762,77
mul_div,6,24,RD,NAN_PRESENT,8113,7965,148
mul_div,6,24,RD,FIRST_ABOVE_BASELINE_RANGE,124754,124733,21
mul_div,6,24,RD,FIRST_BELOW_BASELINE_NORMAL,125156,125091,65
mul_div,6,24,RD,RECOVERED_NORMAL_AFTER_HIGH_FIRST,124751,124733,18
mul_div,6,24,RD,RECOVERED_NORMAL_AFTER_LOW_FIRST,123107,123073,34
mul_div,6,24,RD,NORMAL_FINAL_VALUE_MISMATCH,246767,246729,38
mul_div,6,24,RD,MATCH_VALUE_AND_FLAGS,748558,748235,323
mul_div,6,24,RU,ALL,1000400,1000000,400
mul_div,6,24,RU,VALUE_MISMATCH,249771,249707,64
mul_div,6,24,RU,FLAGS_MISMATCH,251839,251762,77
mul_div,6,24,RU,NAN_PRESENT,8113,7965,148
mul_div,6,24,RU,FIRST_ABOVE_BASELINE_RANGE,124754,124733,21
mul_div,6,24,RU,FIRST_BELOW_BASELINE_NORMAL,125156,125091,65
mul_div,6,24,RU,RECOVERED_NORMAL_AFTER_HIGH_FIRST,124751,124733,18
mul_div,6,24,RU,RECOVERED_NORMAL_AFTER_LOW_FIRST,123109,123073,36
mul_div,6,24,RU,NORMAL_FINAL_VALUE_MISMATCH,246697,246657,40
mul_div,6,24,RU,MATCH_VALUE_AND_FLAGS,748558,748235,323
mul_div,6,24,RZ,ALL,1000400,1000000,400
mul_div,6,24,RZ,VALUE_MISMATCH,251730,251666,64
mul_div,6,24,RZ,FLAGS_MISMATCH,251837,251762,75
mul_div,6,24,RZ,NAN_PRESENT,8113,7965,148
mul_div,6,24,RZ,FIRST_ABOVE_BASELINE_RANGE,124754,124733,21
mul_div,6,24,RZ,FIRST_BELOW_BASELINE_NORMAL,125156,125091,65
mul_div,6,24,RZ,RECOVERED_NORMAL_AFTER_HIGH_FIRST,124754,124733,21
mul_div,6,24,RZ,RECOVERED_NORMAL_AFTER_LOW_FIRST,123107,123073,34
mul_div,6,24,RZ,NORMAL_FINAL_VALUE_MISMATCH,247768,247727,41
mul_div,6,24,RZ,MATCH_VALUE_AND_FLAGS,748560,748235,325
mul_div,7,53,RN,ALL,1000400,1000000,400
mul_div,7,53,RN,VALUE_MISMATCH,250408,250348,60
mul_div,7,53,RN,FLAGS_MISMATCH,250924,250849,75
mul_div,7,53,RN,NAN_PRESENT,1114,966,148
mul_div,7,53,RN,FIRST_ABOVE_BASELINE_RANGE,125557,125536,21
mul_div,7,53,RN,FIRST_BELOW_BASELINE_NORMAL,125124,125059,65
mul_div,7,53,RN,RECOVERED_NORMAL_AFTER_HIGH_FIRST,0,0,0
mul_div,7,53,RN,RECOVERED_NORMAL_AFTER_LOW_FIRST,0,0,0
mul_div,7,53,RN,NORMAL_FINAL_VALUE_MISMATCH,0,0,0
mul_div,7,53,RN,MATCH_VALUE_AND_FLAGS,749476,749151,325
mul_div,7,53,RD,ALL,1000400,1000000,400
mul_div,7,53,RD,VALUE_MISMATCH,250650,250585,65
mul_div,7,53,RD,FLAGS_MISMATCH,250926,250849,77
mul_div,7,53,RD,NAN_PRESENT,1114,966,148
mul_div,7,53,RD,FIRST_ABOVE_BASELINE_RANGE,125557,125536,21
mul_div,7,53,RD,FIRST_BELOW_BASELINE_NORMAL,125124,125059,65
mul_div,7,53,RD,RECOVERED_NORMAL_AFTER_HIGH_FIRST,0,0,0
mul_div,7,53,RD,RECOVERED_NORMAL_AFTER_LOW_FIRST,0,0,0
mul_div,7,53,RD,NORMAL_FINAL_VALUE_MISMATCH,115,112,3
mul_div,7,53,RD,MATCH_VALUE_AND_FLAGS,749474,749151,323
mul_div,7,53,RU,ALL,1000400,1000000,400
mul_div,7,53,RU,VALUE_MISMATCH,250658,250594,64
mul_div,7,53,RU,FLAGS_MISMATCH,250926,250849,77
mul_div,7,53,RU,NAN_PRESENT,1114,966,148
mul_div,7,53,RU,FIRST_ABOVE_BASELINE_RANGE,125557,125536,21
mul_div,7,53,RU,FIRST_BELOW_BASELINE_NORMAL,125124,125059,65
mul_div,7,53,RU,RECOVERED_NORMAL_AFTER_HIGH_FIRST,0,0,0
mul_div,7,53,RU,RECOVERED_NORMAL_AFTER_LOW_FIRST,0,0,0
mul_div,7,53,RU,NORMAL_FINAL_VALUE_MISMATCH,117,115,2
mul_div,7,53,RU,MATCH_VALUE_AND_FLAGS,749474,749151,323
mul_div,7,53,RZ,ALL,1000400,1000000,400
mul_div,7,53,RZ,VALUE_MISMATCH,250907,250843,64
mul_div,7,53,RZ,FLAGS_MISMATCH,250924,250849,75
mul_div,7,53,RZ,NAN_PRESENT,1114,966,148
mul_div,7,53,RZ,FIRST_ABOVE_BASELINE_RANGE,125557,125536,21
mul_div,7,53,RZ,FIRST_BELOW_BASELINE_NORMAL,125124,125059,65
mul_div,7,53,RZ,RECOVERED_NORMAL_AFTER_HIGH_FIRST,0,0,0
mul_div,7,53,RZ,RECOVERED_NORMAL_AFTER_LOW_FIRST,0,0,0
mul_div,7,53,RZ,NORMAL_FINAL_VALUE_MISMATCH,251,249,2
mul_div,7,53,RZ,MATCH_VALUE_AND_FLAGS,749476,749151,325
mul_div,7,24,RN,ALL,1000400,1000000,400
mul_div,7,24,RN,VALUE_MISMATCH,247931,247869,62
mul_div,7,24,RN,FLAGS_MISMATCH,251837,251762,75
mul_div,7,24,RN,NAN_PRESENT,8113,7965,148
mul_div,7,24,RN,FIRST_ABOVE_BASELINE_RANGE,124754,124733,21
mul_div,7,24,RN,FIRST_BELOW_BASELINE_NORMAL,125156,125091,65
mul_div,7,24,RN,RECOVERED_NORMAL_AFTER_HIGH_FIRST,0,0,0
mul_div,7,24,RN,RECOVERED_NORMAL_AFTER_LOW_FIRST,0,0,0
mul_div,7,24,RN,NORMAL_FINAL_VALUE_MISMATCH,0,0,0
mul_div,7,24,RN,MATCH_VALUE_AND_FLAGS,748560,748235,325
mul_div,7,24,RD,ALL,1000400,1000000,400
mul_div,7,24,RD,VALUE_MISMATCH,249861,249796,65
mul_div,7,24,RD,FLAGS_MISMATCH,251839,251762,77
mul_div,7,24,RD,NAN_PRESENT,8113,7965,148
mul_div,7,24,RD,FIRST_ABOVE_BASELINE_RANGE,124754,124733,21
mul_div,7,24,RD,FIRST_BELOW_BASELINE_NORMAL,125156,125091,65
mul_div,7,24,RD,RECOVERED_NORMAL_AFTER_HIGH_FIRST,0,0,0
mul_div,7,24,RD,RECOVERED_NORMAL_AFTER_LOW_FIRST,0,0,0
mul_div,7,24,RD,NORMAL_FINAL_VALUE_MISMATCH,933,930,3
mul_div,7,24,RD,MATCH_VALUE_AND_FLAGS,748558,748235,323
mul_div,7,24,RU,ALL,1000400,1000000,400
mul_div,7,24,RU,VALUE_MISMATCH,249826,249762,64
mul_div,7,24,RU,FLAGS_MISMATCH,251839,251762,77
mul_div,7,24,RU,NAN_PRESENT,8113,7965,148
mul_div,7,24,RU,FIRST_ABOVE_BASELINE_RANGE,124754,124733,21
mul_div,7,24,RU,FIRST_BELOW_BASELINE_NORMAL,125156,125091,65
mul_div,7,24,RU,RECOVERED_NORMAL_AFTER_HIGH_FIRST,0,0,0
mul_div,7,24,RU,RECOVERED_NORMAL_AFTER_LOW_FIRST,0,0,0
mul_div,7,24,RU,NORMAL_FINAL_VALUE_MISMATCH,932,930,2
mul_div,7,24,RU,MATCH_VALUE_AND_FLAGS,748558,748235,323
mul_div,7,24,RZ,ALL,1000400,1000000,400
mul_div,7,24,RZ,VALUE_MISMATCH,251768,251704,64
mul_div,7,24,RZ,FLAGS_MISMATCH,251837,251762,75
mul_div,7,24,RZ,NAN_PRESENT,8113,7965,148
mul_div,7,24,RZ,FIRST_ABOVE_BASELINE_RANGE,124754,124733,21
mul_div,7,24,RZ,FIRST_BELOW_BASELINE_NORMAL,125156,125091,65
mul_div,7,24,RZ,RECOVERED_NORMAL_AFTER_HIGH_FIRST,0,0,0
mul_div,7,24,RZ,RECOVERED_NORMAL_AFTER_LOW_FIRST,0,0,0
mul_div,7,24,RZ,NORMAL_FINAL_VALUE_MISMATCH,1888,1886,2
mul_div,7,24,RZ,MATCH_VALUE_AND_FLAGS,748560,748235,325
mul_div,8,53,RN,ALL,1000400,1000000,400
mul_div,8,53,RN,VALUE_MISMATCH,250414,250353,61
mul_div,8,53,RN,FLAGS_MISMATCH,250924,250849,75
mul_div,8,53,RN,NAN_PRESENT,1114,966,148
mul_div,8,53,RN,FIRST_ABOVE_BASELINE_RANGE,125557,125536,21
mul_div,8,53,RN,FIRST_BELOW_BASELINE_NORMAL,125124,125059,65
mul_div,8,53,RN,RECOVERED_NORMAL_AFTER_HIGH_FIRST,125557,125536,21
mul_div,8,53,RN,RECOVERED_NORMAL_AFTER_LOW_FIRST,124852,124818,34
mul_div,8,53,RN,NORMAL_FINAL_VALUE_MISMATCH,250123,250083,40
mul_div,8,53,RN,MATCH_VALUE_AND_FLAGS,749476,749151,325
mul_div,8,53,RD,ALL,1000400,1000000,400
mul_div,8,53,RD,VALUE_MISMATCH,250644,250579,65
mul_div,8,53,RD,FLAGS_MISMATCH,250926,250849,77
mul_div,8,53,RD,NAN_PRESENT,1114,966,148
mul_div,8,53,RD,FIRST_ABOVE_BASELINE_RANGE,125557,125536,21
mul_div,8,53,RD,FIRST_BELOW_BASELINE_NORMAL,125124,125059,65
mul_div,8,53,RD,RECOVERED_NORMAL_AFTER_HIGH_FIRST,125554,125536,18
mul_div,8,53,RD,RECOVERED_NORMAL_AFTER_LOW_FIRST,124852,124818,34
mul_div,8,53,RD,NORMAL_FINAL_VALUE_MISMATCH,250247,250209,38
mul_div,8,53,RD,MATCH_VALUE_AND_FLAGS,749474,749151,323
mul_div,8,53,RU,ALL,1000400,1000000,400
mul_div,8,53,RU,VALUE_MISMATCH,250659,250595,64
mul_div,8,53,RU,FLAGS_MISMATCH,250926,250849,77
mul_div,8,53,RU,NAN_PRESENT,1114,966,148
mul_div,8,53,RU,FIRST_ABOVE_BASELINE_RANGE,125557,125536,21
mul_div,8,53,RU,FIRST_BELOW_BASELINE_NORMAL,125124,125059,65
mul_div,8,53,RU,RECOVERED_NORMAL_AFTER_HIGH_FIRST,125554,125536,18
mul_div,8,53,RU,RECOVERED_NORMAL_AFTER_LOW_FIRST,124854,124818,36
mul_div,8,53,RU,NORMAL_FINAL_VALUE_MISMATCH,250261,250221,40
mul_div,8,53,RU,MATCH_VALUE_AND_FLAGS,749474,749151,323
mul_div,8,53,RZ,ALL,1000400,1000000,400
mul_div,8,53,RZ,VALUE_MISMATCH,250906,250842,64
mul_div,8,53,RZ,FLAGS_MISMATCH,250924,250849,75
mul_div,8,53,RZ,NAN_PRESENT,1114,966,148
mul_div,8,53,RZ,FIRST_ABOVE_BASELINE_RANGE,125557,125536,21
mul_div,8,53,RZ,FIRST_BELOW_BASELINE_NORMAL,125124,125059,65
mul_div,8,53,RZ,RECOVERED_NORMAL_AFTER_HIGH_FIRST,125557,125536,21
mul_div,8,53,RZ,RECOVERED_NORMAL_AFTER_LOW_FIRST,124852,124818,34
mul_div,8,53,RZ,NORMAL_FINAL_VALUE_MISMATCH,250389,250348,41
mul_div,8,53,RZ,MATCH_VALUE_AND_FLAGS,749476,749151,325
mul_div,8,24,RN,ALL,1000400,1000000,400
mul_div,8,24,RN,VALUE_MISMATCH,247907,247844,63
mul_div,8,24,RN,FLAGS_MISMATCH,251837,251762,75
mul_div,8,24,RN,NAN_PRESENT,8113,7965,148
mul_div,8,24,RN,FIRST_ABOVE_BASELINE_RANGE,124754,124733,21
mul_div,8,24,RN,FIRST_BELOW_BASELINE_NORMAL,125156,125091,65
mul_div,8,24,RN,RECOVERED_NORMAL_AFTER_HIGH_FIRST,124754,124733,21
mul_div,8,24,RN,RECOVERED_NORMAL_AFTER_LOW_FIRST,123107,123073,34
mul_div,8,24,RN,NORMAL_FINAL_VALUE_MISMATCH,245702,245661,41
mul_div,8,24,RN,MATCH_VALUE_AND_FLAGS,748560,748235,325
mul_div,8,24,RD,ALL,1000400,1000000,400
mul_div,8,24,RD,VALUE_MISMATCH,249843,249778,65
mul_div,8,24,RD,FLAGS_MISMATCH,251839,251762,77
mul_div,8,24,RD,NAN_PRESENT,8113,7965,148
mul_div,8,24,RD,FIRST_ABOVE_BASELINE_RANGE,124754,124733,21
mul_div,8,24,RD,FIRST_BELOW_BASELINE_NORMAL,125156,125091,65
mul_div,8,24,RD,RECOVERED_NORMAL_AFTER_HIGH_FIRST,124751,124733,18
mul_div,8,24,RD,RECOVERED_NORMAL_AFTER_LOW_FIRST,123107,123073,34
mul_div,8,24,RD,NORMAL_FINAL_VALUE_MISMATCH,246784,246746,38
mul_div,8,24,RD,MATCH_VALUE_AND_FLAGS,748558,748235,323
mul_div,8,24,RU,ALL,1000400,1000000,400
mul_div,8,24,RU,VALUE_MISMATCH,249792,249728,64
mul_div,8,24,RU,FLAGS_MISMATCH,251839,251762,77
mul_div,8,24,RU,NAN_PRESENT,8113,7965,148
mul_div,8,24,RU,FIRST_ABOVE_BASELINE_RANGE,124754,124733,21
mul_div,8,24,RU,FIRST_BELOW_BASELINE_NORMAL,125156,125091,65
mul_div,8,24,RU,RECOVERED_NORMAL_AFTER_HIGH_FIRST,124751,124733,18
mul_div,8,24,RU,RECOVERED_NORMAL_AFTER_LOW_FIRST,123109,123073,36
mul_div,8,24,RU,NORMAL_FINAL_VALUE_MISMATCH,246717,246677,40
mul_div,8,24,RU,MATCH_VALUE_AND_FLAGS,748558,748235,323
mul_div,8,24,RZ,ALL,1000400,1000000,400
mul_div,8,24,RZ,VALUE_MISMATCH,251771,251707,64
mul_div,8,24,RZ,FLAGS_MISMATCH,251837,251762,75
mul_div,8,24,RZ,NAN_PRESENT,8113,7965,148
mul_div,8,24,RZ,FIRST_ABOVE_BASELINE_RANGE,124754,124733,21
mul_div,8,24,RZ,FIRST_BELOW_BASELINE_NORMAL,125156,125091,65
mul_div,8,24,RZ,RECOVERED_NORMAL_AFTER_HIGH_FIRST,124754,124733,21
mul_div,8,24,RZ,RECOVERED_NORMAL_AFTER_LOW_FIRST,123107,123073,34
mul_div,8,24,RZ,NORMAL_FINAL_VALUE_MISMATCH,247806,247765,41
mul_div,8,24,RZ,MATCH_VALUE_AND_FLAGS,748560,748235,325
add_sub,2,53,RN,ALL,1000400,1000000,400
add_sub,2,53,RN,VALUE_MISMATCH,5,0,5
add_sub,2,53,RN,FLAGS_MISMATCH,11,0,11
add_sub,2,53,RN,NAN_PRESENT,1078,966,112
add_sub,2,53,RN,FIRST_ABOVE_BASELINE_RANGE,5,0,5
add_sub,2,53,RN,FIRST_BELOW_BASELINE_NORMAL,22,0,22
add_sub,2,53,RN,RECOVERED_NORMAL_AFTER_HIGH_FIRST,4,0,4
add_sub,2,53,RN,RECOVERED_NORMAL_AFTER_LOW_FIRST,3,0,3
add_sub,2,53,RN,NORMAL_FINAL_VALUE_MISMATCH,4,0,4
add_sub,2,53,RN,MATCH_VALUE_AND_FLAGS,1000389,1000000,389
add_sub,2,53,RD,ALL,1000400,1000000,400
add_sub,2,53,RD,VALUE_MISMATCH,19,0,19
add_sub,2,53,RD,FLAGS_MISMATCH,25,0,25
add_sub,2,53,RD,NAN_PRESENT,1078,966,112
add_sub,2,53,RD,FIRST_ABOVE_BASELINE_RANGE,11,0,11
add_sub,2,53,RD,FIRST_BELOW_BASELINE_NORMAL,22,0,22
add_sub,2,53,RD,RECOVERED_NORMAL_AFTER_HIGH_FIRST,8,0,8
add_sub,2,53,RD,RECOVERED_NORMAL_AFTER_LOW_FIRST,3,0,3
add_sub,2,53,RD,NORMAL_FINAL_VALUE_MISMATCH,8,0,8
add_sub,2,53,RD,MATCH_VALUE_AND_FLAGS,1000375,1000000,375
add_sub,2,53,RU,ALL,1000400,1000000,400
add_sub,2,53,RU,VALUE_MISMATCH,24,0,24
add_sub,2,53,RU,FLAGS_MISMATCH,30,0,30
add_sub,2,53,RU,NAN_PRESENT,1078,966,112
add_sub,2,53,RU,FIRST_ABOVE_BASELINE_RANGE,21,0,21
add_sub,2,53,RU,FIRST_BELOW_BASELINE_NORMAL,22,0,22
add_sub,2,53,RU,RECOVERED_NORMAL_AFTER_HIGH_FIRST,12,0,12
add_sub,2,53,RU,RECOVERED_NORMAL_AFTER_LOW_FIRST,3,0,3
add_sub,2,53,RU,NORMAL_FINAL_VALUE_MISMATCH,12,0,12
add_sub,2,53,RU,MATCH_VALUE_AND_FLAGS,1000370,1000000,370
add_sub,2,53,RZ,ALL,1000400,1000000,400
add_sub,2,53,RZ,VALUE_MISMATCH,5,0,5
add_sub,2,53,RZ,FLAGS_MISMATCH,11,0,11
add_sub,2,53,RZ,NAN_PRESENT,1078,966,112
add_sub,2,53,RZ,FIRST_ABOVE_BASELINE_RANGE,5,0,5
add_sub,2,53,RZ,FIRST_BELOW_BASELINE_NORMAL,22,0,22
add_sub,2,53,RZ,RECOVERED_NORMAL_AFTER_HIGH_FIRST,5,0,5
add_sub,2,53,RZ,RECOVERED_NORMAL_AFTER_LOW_FIRST,3,0,3
add_sub,2,53,RZ,NORMAL_FINAL_VALUE_MISMATCH,5,0,5
add_sub,2,53,RZ,MATCH_VALUE_AND_FLAGS,1000389,1000000,389
add_sub,2,24,RN,ALL,1000400,1000000,400
add_sub,2,24,RN,VALUE_MISMATCH,33,28,5
add_sub,2,24,RN,FLAGS_MISMATCH,79,68,11
add_sub,2,24,RN,NAN_PRESENT,8077,7965,112
add_sub,2,24,RN,FIRST_ABOVE_BASELINE_RANGE,30,25,5
add_sub,2,24,RN,FIRST_BELOW_BASELINE_NORMAL,78,56,22
add_sub,2,24,RN,RECOVERED_NORMAL_AFTER_HIGH_FIRST,29,25,4
add_sub,2,24,RN,RECOVERED_NORMAL_AFTER_LOW_FIRST,39,36,3
add_sub,2,24,RN,NORMAL_FINAL_VALUE_MISMATCH,29,25,4
add_sub,2,24,RN,MATCH_VALUE_AND_FLAGS,1000318,999929,389
add_sub,2,24,RD,ALL,1000400,1000000,400
add_sub,2,24,RD,VALUE_MISMATCH,47,28,19
add_sub,2,24,RD,FLAGS_MISMATCH,93,68,25
add_sub,2,24,RD,NAN_PRESENT,8077,7965,112
add_sub,2,24,RD,FIRST_ABOVE_BASELINE_RANGE,36,25,11
add_sub,2,24,RD,FIRST_BELOW_BASELINE_NORMAL,78,56,22
add_sub,2,24,RD,RECOVERED_NORMAL_AFTER_HIGH_FIRST,33,25,8
add_sub,2,24,RD,RECOVERED_NORMAL_AFTER_LOW_FIRST,39,36,3
add_sub,2,24,RD,NORMAL_FINAL_VALUE_MISMATCH,33,25,8
add_sub,2,24,RD,MATCH_VALUE_AND_FLAGS,1000304,999929,375
add_sub,2,24,RU,ALL,1000400,1000000,400
add_sub,2,24,RU,VALUE_MISMATCH,52,28,24
add_sub,2,24,RU,FLAGS_MISMATCH,98,68,30
add_sub,2,24,RU,NAN_PRESENT,8077,7965,112
add_sub,2,24,RU,FIRST_ABOVE_BASELINE_RANGE,46,25,21
add_sub,2,24,RU,FIRST_BELOW_BASELINE_NORMAL,78,56,22
add_sub,2,24,RU,RECOVERED_NORMAL_AFTER_HIGH_FIRST,37,25,12
add_sub,2,24,RU,RECOVERED_NORMAL_AFTER_LOW_FIRST,39,36,3
add_sub,2,24,RU,NORMAL_FINAL_VALUE_MISMATCH,37,25,12
add_sub,2,24,RU,MATCH_VALUE_AND_FLAGS,1000299,999929,370
add_sub,2,24,RZ,ALL,1000400,1000000,400
add_sub,2,24,RZ,VALUE_MISMATCH,33,28,5
add_sub,2,24,RZ,FLAGS_MISMATCH,79,68,11
add_sub,2,24,RZ,NAN_PRESENT,8077,7965,112
add_sub,2,24,RZ,FIRST_ABOVE_BASELINE_RANGE,30,25,5
add_sub,2,24,RZ,FIRST_BELOW_BASELINE_NORMAL,78,56,22
add_sub,2,24,RZ,RECOVERED_NORMAL_AFTER_HIGH_FIRST,30,25,5
add_sub,2,24,RZ,RECOVERED_NORMAL_AFTER_LOW_FIRST,39,36,3
add_sub,2,24,RZ,NORMAL_FINAL_VALUE_MISMATCH,30,25,5
add_sub,2,24,RZ,MATCH_VALUE_AND_FLAGS,1000318,999929,389
add_sub,3,53,RN,ALL,1000400,1000000,400
add_sub,3,53,RN,VALUE_MISMATCH,5,0,5
add_sub,3,53,RN,FLAGS_MISMATCH,11,0,11
add_sub,3,53,RN,NAN_PRESENT,1078,966,112
add_sub,3,53,RN,FIRST_ABOVE_BASELINE_RANGE,5,0,5
add_sub,3,53,RN,FIRST_BELOW_BASELINE_NORMAL,22,0,22
add_sub,3,53,RN,RECOVERED_NORMAL_AFTER_HIGH_FIRST,0,0,0
add_sub,3,53,RN,RECOVERED_NORMAL_AFTER_LOW_FIRST,0,0,0
add_sub,3,53,RN,NORMAL_FINAL_VALUE_MISMATCH,0,0,0
add_sub,3,53,RN,MATCH_VALUE_AND_FLAGS,1000389,1000000,389
add_sub,3,53,RD,ALL,1000400,1000000,400
add_sub,3,53,RD,VALUE_MISMATCH,19,0,19
add_sub,3,53,RD,FLAGS_MISMATCH,25,0,25
add_sub,3,53,RD,NAN_PRESENT,1078,966,112
add_sub,3,53,RD,FIRST_ABOVE_BASELINE_RANGE,11,0,11
add_sub,3,53,RD,FIRST_BELOW_BASELINE_NORMAL,22,0,22
add_sub,3,53,RD,RECOVERED_NORMAL_AFTER_HIGH_FIRST,0,0,0
add_sub,3,53,RD,RECOVERED_NORMAL_AFTER_LOW_FIRST,0,0,0
add_sub,3,53,RD,NORMAL_FINAL_VALUE_MISMATCH,0,0,0
add_sub,3,53,RD,MATCH_VALUE_AND_FLAGS,1000375,1000000,375
add_sub,3,53,RU,ALL,1000400,1000000,400
add_sub,3,53,RU,VALUE_MISMATCH,24,0,24
add_sub,3,53,RU,FLAGS_MISMATCH,30,0,30
add_sub,3,53,RU,NAN_PRESENT,1078,966,112
add_sub,3,53,RU,FIRST_ABOVE_BASELINE_RANGE,21,0,21
add_sub,3,53,RU,FIRST_BELOW_BASELINE_NORMAL,22,0,22
add_sub,3,53,RU,RECOVERED_NORMAL_AFTER_HIGH_FIRST,0,0,0
add_sub,3,53,RU,RECOVERED_NORMAL_AFTER_LOW_FIRST,0,0,0
add_sub,3,53,RU,NORMAL_FINAL_VALUE_MISMATCH,0,0,0
add_sub,3,53,RU,MATCH_VALUE_AND_FLAGS,1000370,1000000,370
add_sub,3,53,RZ,ALL,1000400,1000000,400
add_sub,3,53,RZ,VALUE_MISMATCH,5,0,5
add_sub,3,53,RZ,FLAGS_MISMATCH,11,0,11
add_sub,3,53,RZ,NAN_PRESENT,1078,966,112
add_sub,3,53,RZ,FIRST_ABOVE_BASELINE_RANGE,5,0,5
add_sub,3,53,RZ,FIRST_BELOW_BASELINE_NORMAL,22,0,22
add_sub,3,53,RZ,RECOVERED_NORMAL_AFTER_HIGH_FIRST,0,0,0
add_sub,3,53,RZ,RECOVERED_NORMAL_AFTER_LOW_FIRST,0,0,0
add_sub,3,53,RZ,NORMAL_FINAL_VALUE_MISMATCH,0,0,0
add_sub,3,53,RZ,MATCH_VALUE_AND_FLAGS,1000389,1000000,389
add_sub,3,24,RN,ALL,1000400,1000000,400
add_sub,3,24,RN,VALUE_MISMATCH,33,28,5
add_sub,3,24,RN,FLAGS_MISMATCH,79,68,11
add_sub,3,24,RN,NAN_PRESENT,8077,7965,112
add_sub,3,24,RN,FIRST_ABOVE_BASELINE_RANGE,30,25,5
add_sub,3,24,RN,FIRST_BELOW_BASELINE_NORMAL,78,56,22
add_sub,3,24,RN,RECOVERED_NORMAL_AFTER_HIGH_FIRST,0,0,0
add_sub,3,24,RN,RECOVERED_NORMAL_AFTER_LOW_FIRST,0,0,0
add_sub,3,24,RN,NORMAL_FINAL_VALUE_MISMATCH,0,0,0
add_sub,3,24,RN,MATCH_VALUE_AND_FLAGS,1000318,999929,389
add_sub,3,24,RD,ALL,1000400,1000000,400
add_sub,3,24,RD,VALUE_MISMATCH,47,28,19
add_sub,3,24,RD,FLAGS_MISMATCH,93,68,25
add_sub,3,24,RD,NAN_PRESENT,8077,7965,112
add_sub,3,24,RD,FIRST_ABOVE_BASELINE_RANGE,36,25,11
add_sub,3,24,RD,FIRST_BELOW_BASELINE_NORMAL,78,56,22
add_sub,3,24,RD,RECOVERED_NORMAL_AFTER_HIGH_FIRST,0,0,0
add_sub,3,24,RD,RECOVERED_NORMAL_AFTER_LOW_FIRST,0,0,0
add_sub,3,24,RD,NORMAL_FINAL_VALUE_MISMATCH,0,0,0
add_sub,3,24,RD,MATCH_VALUE_AND_FLAGS,1000304,999929,375
add_sub,3,24,RU,ALL,1000400,1000000,400
add_sub,3,24,RU,VALUE_MISMATCH,52,28,24
add_sub,3,24,RU,FLAGS_MISMATCH,98,68,30
add_sub,3,24,RU,NAN_PRESENT,8077,7965,112
add_sub,3,24,RU,FIRST_ABOVE_BASELINE_RANGE,46,25,21
add_sub,3,24,RU,FIRST_BELOW_BASELINE_NORMAL,78,56,22
add_sub,3,24,RU,RECOVERED_NORMAL_AFTER_HIGH_FIRST,0,0,0
add_sub,3,24,RU,RECOVERED_NORMAL_AFTER_LOW_FIRST,0,0,0
add_sub,3,24,RU,NORMAL_FINAL_VALUE_MISMATCH,0,0,0
add_sub,3,24,RU,MATCH_VALUE_AND_FLAGS,1000299,999929,370
add_sub,3,24,RZ,ALL,1000400,1000000,400
add_sub,3,24,RZ,VALUE_MISMATCH,33,28,5
add_sub,3,24,RZ,FLAGS_MISMATCH,79,68,11
add_sub,3,24,RZ,NAN_PRESENT,8077,7965,112
add_sub,3,24,RZ,FIRST_ABOVE_BASELINE_RANGE,30,25,5
add_sub,3,24,RZ,FIRST_BELOW_BASELINE_NORMAL,78,56,22
add_sub,3,24,RZ,RECOVERED_NORMAL_AFTER_HIGH_FIRST,0,0,0
add_sub,3,24,RZ,RECOVERED_NORMAL_AFTER_LOW_FIRST,0,0,0
add_sub,3,24,RZ,NORMAL_FINAL_VALUE_MISMATCH,0,0,0
add_sub,3,24,RZ,MATCH_VALUE_AND_FLAGS,1000318,999929,389
add_sub,4,53,RN,ALL,1000400,1000000,400
add_sub,4,53,RN,VALUE_MISMATCH,5,0,5
add_sub,4,53,RN,FLAGS_MISMATCH,11,0,11
add_sub,4,53,RN,NAN_PRESENT,1078,966,112
add_sub,4,53,RN,FIRST_ABOVE_BASELINE_RANGE,5,0,5
add_sub,4,53,RN,FIRST_BELOW_BASELINE_NORMAL,22,0,22
add_sub,4,53,RN,RECOVERED_NORMAL_AFTER_HIGH_FIRST,4,0,4
add_sub,4,53,RN,RECOVERED_NORMAL_AFTER_LOW_FIRST,3,0,3
add_sub,4,53,RN,NORMAL_FINAL_VALUE_MISMATCH,4,0,4
add_sub,4,53,RN,MATCH_VALUE_AND_FLAGS,1000389,1000000,389
add_sub,4,53,RD,ALL,1000400,1000000,400
add_sub,4,53,RD,VALUE_MISMATCH,19,0,19
add_sub,4,53,RD,FLAGS_MISMATCH,25,0,25
add_sub,4,53,RD,NAN_PRESENT,1078,966,112
add_sub,4,53,RD,FIRST_ABOVE_BASELINE_RANGE,11,0,11
add_sub,4,53,RD,FIRST_BELOW_BASELINE_NORMAL,22,0,22
add_sub,4,53,RD,RECOVERED_NORMAL_AFTER_HIGH_FIRST,8,0,8
add_sub,4,53,RD,RECOVERED_NORMAL_AFTER_LOW_FIRST,3,0,3
add_sub,4,53,RD,NORMAL_FINAL_VALUE_MISMATCH,8,0,8
add_sub,4,53,RD,MATCH_VALUE_AND_FLAGS,1000375,1000000,375
add_sub,4,53,RU,ALL,1000400,1000000,400
add_sub,4,53,RU,VALUE_MISMATCH,24,0,24
add_sub,4,53,RU,FLAGS_MISMATCH,30,0,30
add_sub,4,53,RU,NAN_PRESENT,1078,966,112
add_sub,4,53,RU,FIRST_ABOVE_BASELINE_RANGE,21,0,21
add_sub,4,53,RU,FIRST_BELOW_BASELINE_NORMAL,22,0,22
add_sub,4,53,RU,RECOVERED_NORMAL_AFTER_HIGH_FIRST,12,0,12
add_sub,4,53,RU,RECOVERED_NORMAL_AFTER_LOW_FIRST,3,0,3
add_sub,4,53,RU,NORMAL_FINAL_VALUE_MISMATCH,12,0,12
add_sub,4,53,RU,MATCH_VALUE_AND_FLAGS,1000370,1000000,370
add_sub,4,53,RZ,ALL,1000400,1000000,400
add_sub,4,53,RZ,VALUE_MISMATCH,5,0,5
add_sub,4,53,RZ,FLAGS_MISMATCH,11,0,11
add_sub,4,53,RZ,NAN_PRESENT,1078,966,112
add_sub,4,53,RZ,FIRST_ABOVE_BASELINE_RANGE,5,0,5
add_sub,4,53,RZ,FIRST_BELOW_BASELINE_NORMAL,22,0,22
add_sub,4,53,RZ,RECOVERED_NORMAL_AFTER_HIGH_FIRST,5,0,5
add_sub,4,53,RZ,RECOVERED_NORMAL_AFTER_LOW_FIRST,3,0,3
add_sub,4,53,RZ,NORMAL_FINAL_VALUE_MISMATCH,5,0,5
add_sub,4,53,RZ,MATCH_VALUE_AND_FLAGS,1000389,1000000,389
add_sub,4,24,RN,ALL,1000400,1000000,400
add_sub,4,24,RN,VALUE_MISMATCH,33,28,5
add_sub,4,24,RN,FLAGS_MISMATCH,79,68,11
add_sub,4,24,RN,NAN_PRESENT,8077,7965,112
add_sub,4,24,RN,FIRST_ABOVE_BASELINE_RANGE,30,25,5
add_sub,4,24,RN,FIRST_BELOW_BASELINE_NORMAL,78,56,22
add_sub,4,24,RN,RECOVERED_NORMAL_AFTER_HIGH_FIRST,29,25,4
add_sub,4,24,RN,RECOVERED_NORMAL_AFTER_LOW_FIRST,39,36,3
add_sub,4,24,RN,NORMAL_FINAL_VALUE_MISMATCH,29,25,4
add_sub,4,24,RN,MATCH_VALUE_AND_FLAGS,1000318,999929,389
add_sub,4,24,RD,ALL,1000400,1000000,400
add_sub,4,24,RD,VALUE_MISMATCH,47,28,19
add_sub,4,24,RD,FLAGS_MISMATCH,93,68,25
add_sub,4,24,RD,NAN_PRESENT,8077,7965,112
add_sub,4,24,RD,FIRST_ABOVE_BASELINE_RANGE,36,25,11
add_sub,4,24,RD,FIRST_BELOW_BASELINE_NORMAL,78,56,22
add_sub,4,24,RD,RECOVERED_NORMAL_AFTER_HIGH_FIRST,33,25,8
add_sub,4,24,RD,RECOVERED_NORMAL_AFTER_LOW_FIRST,39,36,3
add_sub,4,24,RD,NORMAL_FINAL_VALUE_MISMATCH,33,25,8
add_sub,4,24,RD,MATCH_VALUE_AND_FLAGS,1000304,999929,375
add_sub,4,24,RU,ALL,1000400,1000000,400
add_sub,4,24,RU,VALUE_MISMATCH,52,28,24
add_sub,4,24,RU,FLAGS_MISMATCH,98,68,30
add_sub,4,24,RU,NAN_PRESENT,8077,7965,112
add_sub,4,24,RU,FIRST_ABOVE_BASELINE_RANGE,46,25,21
add_sub,4,24,RU,FIRST_BELOW_BASELINE_NORMAL,78,56,22
add_sub,4,24,RU,RECOVERED_NORMAL_AFTER_HIGH_FIRST,37,25,12
add_sub,4,24,RU,RECOVERED_NORMAL_AFTER_LOW_FIRST,39,36,3
add_sub,4,24,RU,NORMAL_FINAL_VALUE_MISMATCH,37,25,12
add_sub,4,24,RU,MATCH_VALUE_AND_FLAGS,1000299,999929,370
add_sub,4,24,RZ,ALL,1000400,1000000,400
add_sub,4,24,RZ,VALUE_MISMATCH,33,28,5
add_sub,4,24,RZ,FLAGS_MISMATCH,79,68,11
add_sub,4,24,RZ,NAN_PRESENT,8077,7965,112
add_sub,4,24,RZ,FIRST_ABOVE_BASELINE_RANGE,30,25,5
add_sub,4,24,RZ,FIRST_BELOW_BASELINE_NORMAL,78,56,22
add_sub,4,24,RZ,RECOVERED_NORMAL_AFTER_HIGH_FIRST,30,25,5
add_sub,4,24,RZ,RECOVERED_NORMAL_AFTER_LOW_FIRST,39,36,3
add_sub,4,24,RZ,NORMAL_FINAL_VALUE_MISMATCH,30,25,5
add_sub,4,24,RZ,MATCH_VALUE_AND_FLAGS,1000318,999929,389
add_sub,5,53,RN,ALL,1000400,1000000,400
add_sub,5,53,RN,VALUE_MISMATCH,5,0,5
add_sub,5,53,RN,FLAGS_MISMATCH,11,0,11
add_sub,5,53,RN,NAN_PRESENT,1078,966,112
add_sub,5,53,RN,FIRST_ABOVE_BASELINE_RANGE,5,0,5
add_sub,5,53,RN,FIRST_BELOW_BASELINE_NORMAL,22,0,22
add_sub,5,53,RN,RECOVERED_NORMAL_AFTER_HIGH_FIRST,0,0,0
add_sub,5,53,RN,RECOVERED_NORMAL_AFTER_LOW_FIRST,0,0,0
add_sub,5,53,RN,NORMAL_FINAL_VALUE_MISMATCH,0,0,0
add_sub,5,53,RN,MATCH_VALUE_AND_FLAGS,1000389,1000000,389
add_sub,5,53,RD,ALL,1000400,1000000,400
add_sub,5,53,RD,VALUE_MISMATCH,19,0,19
add_sub,5,53,RD,FLAGS_MISMATCH,25,0,25
add_sub,5,53,RD,NAN_PRESENT,1078,966,112
add_sub,5,53,RD,FIRST_ABOVE_BASELINE_RANGE,11,0,11
add_sub,5,53,RD,FIRST_BELOW_BASELINE_NORMAL,22,0,22
add_sub,5,53,RD,RECOVERED_NORMAL_AFTER_HIGH_FIRST,0,0,0
add_sub,5,53,RD,RECOVERED_NORMAL_AFTER_LOW_FIRST,0,0,0
add_sub,5,53,RD,NORMAL_FINAL_VALUE_MISMATCH,0,0,0
add_sub,5,53,RD,MATCH_VALUE_AND_FLAGS,1000375,1000000,375
add_sub,5,53,RU,ALL,1000400,1000000,400
add_sub,5,53,RU,VALUE_MISMATCH,24,0,24
add_sub,5,53,RU,FLAGS_MISMATCH,30,0,30
add_sub,5,53,RU,NAN_PRESENT,1078,966,112
add_sub,5,53,RU,FIRST_ABOVE_BASELINE_RANGE,21,0,21
add_sub,5,53,RU,FIRST_BELOW_BASELINE_NORMAL,22,0,22
add_sub,5,53,RU,RECOVERED_NORMAL_AFTER_HIGH_FIRST,0,0,0
add_sub,5,53,RU,RECOVERED_NORMAL_AFTER_LOW_FIRST,0,0,0
add_sub,5,53,RU,NORMAL_FINAL_VALUE_MISMATCH,0,0,0
add_sub,5,53,RU,MATCH_VALUE_AND_FLAGS,1000370,1000000,370
add_sub,5,53,RZ,ALL,1000400,1000000,400
add_sub,5,53,RZ,VALUE_MISMATCH,5,0,5
add_sub,5,53,RZ,FLAGS_MISMATCH,11,0,11
add_sub,5,53,RZ,NAN_PRESENT,1078,966,112
add_sub,5,53,RZ,FIRST_ABOVE_BASELINE_RANGE,5,0,5
add_sub,5,53,RZ,FIRST_BELOW_BASELINE_NORMAL,22,0,22
add_sub,5,53,RZ,RECOVERED_NORMAL_AFTER_HIGH_FIRST,0,0,0
add_sub,5,53,RZ,RECOVERED_NORMAL_AFTER_LOW_FIRST,0,0,0
add_sub,5,53,RZ,NORMAL_FINAL_VALUE_MISMATCH,0,0,0
add_sub,5,53,RZ,MATCH_VALUE_AND_FLAGS,1000389,1000000,389
add_sub,5,24,RN,ALL,1000400,1000000,400
add_sub,5,24,RN,VALUE_MISMATCH,33,28,5
add_sub,5,24,RN,FLAGS_MISMATCH,79,68,11
add_sub,5,24,RN,NAN_PRESENT,8077,7965,112
add_sub,5,24,RN,FIRST_ABOVE_BASELINE_RANGE,30,25,5
add_sub,5,24,RN,FIRST_BELOW_BASELINE_NORMAL,78,56,22
add_sub,5,24,RN,RECOVERED_NORMAL_AFTER_HIGH_FIRST,0,0,0
add_sub,5,24,RN,RECOVERED_NORMAL_AFTER_LOW_FIRST,0,0,0
add_sub,5,24,RN,NORMAL_FINAL_VALUE_MISMATCH,0,0,0
add_sub,5,24,RN,MATCH_VALUE_AND_FLAGS,1000318,999929,389
add_sub,5,24,RD,ALL,1000400,1000000,400
add_sub,5,24,RD,VALUE_MISMATCH,47,28,19
add_sub,5,24,RD,FLAGS_MISMATCH,93,68,25
add_sub,5,24,RD,NAN_PRESENT,8077,7965,112
add_sub,5,24,RD,FIRST_ABOVE_BASELINE_RANGE,36,25,11
add_sub,5,24,RD,FIRST_BELOW_BASELINE_NORMAL,78,56,22
add_sub,5,24,RD,RECOVERED_NORMAL_AFTER_HIGH_FIRST,0,0,0
add_sub,5,24,RD,RECOVERED_NORMAL_AFTER_LOW_FIRST,0,0,0
add_sub,5,24,RD,NORMAL_FINAL_VALUE_MISMATCH,0,0,0
add_sub,5,24,RD,MATCH_VALUE_AND_FLAGS,1000304,999929,375
add_sub,5,24,RU,ALL,1000400,1000000,400
add_sub,5,24,RU,VALUE_MISMATCH,52,28,24
add_sub,5,24,RU,FLAGS_MISMATCH,98,68,30
add_sub,5,24,RU,NAN_PRESENT,8077,7965,112
add_sub,5,24,RU,FIRST_ABOVE_BASELINE_RANGE,46,25,21
add_sub,5,24,RU,FIRST_BELOW_BASELINE_NORMAL,78,56,22
add_sub,5,24,RU,RECOVERED_NORMAL_AFTER_HIGH_FIRST,0,0,0
add_sub,5,24,RU,RECOVERED_NORMAL_AFTER_LOW_FIRST,0,0,0
add_sub,5,24,RU,NORMAL_FINAL_VALUE_MISMATCH,0,0,0
add_sub,5,24,RU,MATCH_VALUE_AND_FLAGS,1000299,999929,370
add_sub,5,24,RZ,ALL,1000400,1000000,400
add_sub,5,24,RZ,VALUE_MISMATCH,33,28,5
add_sub,5,24,RZ,FLAGS_MISMATCH,79,68,11
add_sub,5,24,RZ,NAN_PRESENT,8077,7965,112
add_sub,5,24,RZ,FIRST_ABOVE_BASELINE_RANGE,30,25,5
add_sub,5,24,RZ,FIRST_BELOW_BASELINE_NORMAL,78,56,22
add_sub,5,24,RZ,RECOVERED_NORMAL_AFTER_HIGH_FIRST,0,0,0
add_sub,5,24,RZ,RECOVERED_NORMAL_AFTER_LOW_FIRST,0,0,0
add_sub,5,24,RZ,NORMAL_FINAL_VALUE_MISMATCH,0,0,0
add_sub,5,24,RZ,MATCH_VALUE_AND_FLAGS,1000318,999929,389
add_sub,6,53,RN,ALL,1000400,1000000,400
add_sub,6,53,RN,VALUE_MISMATCH,5,0,5
add_sub,6,53,RN,FLAGS_MISMATCH,11,0,11
add_sub,6,53,RN,NAN_PRESENT,1078,966,112
add_sub,6,53,RN,FIRST_ABOVE_BASELINE_RANGE,5,0,5
add_sub,6,53,RN,FIRST_BELOW_BASELINE_NORMAL,22,0,22
add_sub,6,53,RN,RECOVERED_NORMAL_AFTER_HIGH_FIRST,4,0,4
add_sub,6,53,RN,RECOVERED_NORMAL_AFTER_LOW_FIRST,3,0,3
add_sub,6,53,RN,NORMAL_FINAL_VALUE_MISMATCH,4,0,4
add_sub,6,53,RN,MATCH_VALUE_AND_FLAGS,1000389,1000000,389
add_sub,6,53,RD,ALL,1000400,1000000,400
add_sub,6,53,RD,VALUE_MISMATCH,19,0,19
add_sub,6,53,RD,FLAGS_MISMATCH,25,0,25
add_sub,6,53,RD,NAN_PRESENT,1078,966,112
add_sub,6,53,RD,FIRST_ABOVE_BASELINE_RANGE,11,0,11
add_sub,6,53,RD,FIRST_BELOW_BASELINE_NORMAL,22,0,22
add_sub,6,53,RD,RECOVERED_NORMAL_AFTER_HIGH_FIRST,8,0,8
add_sub,6,53,RD,RECOVERED_NORMAL_AFTER_LOW_FIRST,3,0,3
add_sub,6,53,RD,NORMAL_FINAL_VALUE_MISMATCH,8,0,8
add_sub,6,53,RD,MATCH_VALUE_AND_FLAGS,1000375,1000000,375
add_sub,6,53,RU,ALL,1000400,1000000,400
add_sub,6,53,RU,VALUE_MISMATCH,24,0,24
add_sub,6,53,RU,FLAGS_MISMATCH,30,0,30
add_sub,6,53,RU,NAN_PRESENT,1078,966,112
add_sub,6,53,RU,FIRST_ABOVE_BASELINE_RANGE,21,0,21
add_sub,6,53,RU,FIRST_BELOW_BASELINE_NORMAL,22,0,22
add_sub,6,53,RU,RECOVERED_NORMAL_AFTER_HIGH_FIRST,12,0,12
add_sub,6,53,RU,RECOVERED_NORMAL_AFTER_LOW_FIRST,3,0,3
add_sub,6,53,RU,NORMAL_FINAL_VALUE_MISMATCH,12,0,12
add_sub,6,53,RU,MATCH_VALUE_AND_FLAGS,1000370,1000000,370
add_sub,6,53,RZ,ALL,1000400,1000000,400
add_sub,6,53,RZ,VALUE_MISMATCH,5,0,5
add_sub,6,53,RZ,FLAGS_MISMATCH,11,0,11
add_sub,6,53,RZ,NAN_PRESENT,1078,966,112
add_sub,6,53,RZ,FIRST_ABOVE_BASELINE_RANGE,5,0,5
add_sub,6,53,RZ,FIRST_BELOW_BASELINE_NORMAL,22,0,22
add_sub,6,53,RZ,RECOVERED_NORMAL_AFTER_HIGH_FIRST,5,0,5
add_sub,6,53,RZ,RECOVERED_NORMAL_AFTER_LOW_FIRST,3,0,3
add_sub,6,53,RZ,NORMAL_FINAL_VALUE_MISMATCH,5,0,5
add_sub,6,53,RZ,MATCH_VALUE_AND_FLAGS,1000389,1000000,389
add_sub,6,24,RN,ALL,1000400,1000000,400
add_sub,6,24,RN,VALUE_MISMATCH,33,28,5
add_sub,6,24,RN,FLAGS_MISMATCH,79,68,11
add_sub,6,24,RN,NAN_PRESENT,8077,7965,112
add_sub,6,24,RN,FIRST_ABOVE_BASELINE_RANGE,30,25,5
add_sub,6,24,RN,FIRST_BELOW_BASELINE_NORMAL,78,56,22
add_sub,6,24,RN,RECOVERED_NORMAL_AFTER_HIGH_FIRST,29,25,4
add_sub,6,24,RN,RECOVERED_NORMAL_AFTER_LOW_FIRST,39,36,3
add_sub,6,24,RN,NORMAL_FINAL_VALUE_MISMATCH,29,25,4
add_sub,6,24,RN,MATCH_VALUE_AND_FLAGS,1000318,999929,389
add_sub,6,24,RD,ALL,1000400,1000000,400
add_sub,6,24,RD,VALUE_MISMATCH,47,28,19
add_sub,6,24,RD,FLAGS_MISMATCH,93,68,25
add_sub,6,24,RD,NAN_PRESENT,8077,7965,112
add_sub,6,24,RD,FIRST_ABOVE_BASELINE_RANGE,36,25,11
add_sub,6,24,RD,FIRST_BELOW_BASELINE_NORMAL,78,56,22
add_sub,6,24,RD,RECOVERED_NORMAL_AFTER_HIGH_FIRST,33,25,8
add_sub,6,24,RD,RECOVERED_NORMAL_AFTER_LOW_FIRST,39,36,3
add_sub,6,24,RD,NORMAL_FINAL_VALUE_MISMATCH,33,25,8
add_sub,6,24,RD,MATCH_VALUE_AND_FLAGS,1000304,999929,375
add_sub,6,24,RU,ALL,1000400,1000000,400
add_sub,6,24,RU,VALUE_MISMATCH,52,28,24
add_sub,6,24,RU,FLAGS_MISMATCH,98,68,30
add_sub,6,24,RU,NAN_PRESENT,8077,7965,112
add_sub,6,24,RU,FIRST_ABOVE_BASELINE_RANGE,46,25,21
add_sub,6,24,RU,FIRST_BELOW_BASELINE_NORMAL,78,56,22
add_sub,6,24,RU,RECOVERED_NORMAL_AFTER_HIGH_FIRST,37,25,12
add_sub,6,24,RU,RECOVERED_NORMAL_AFTER_LOW_FIRST,39,36,3
add_sub,6,24,RU,NORMAL_FINAL_VALUE_MISMATCH,37,25,12
add_sub,6,24,RU,MATCH_VALUE_AND_FLAGS,1000299,999929,370
add_sub,6,24,RZ,ALL,1000400,1000000,400
add_sub,6,24,RZ,VALUE_MISMATCH,33,28,5
add_sub,6,24,RZ,FLAGS_MISMATCH,79,68,11
add_sub,6,24,RZ,NAN_PRESENT,8077,7965,112
add_sub,6,24,RZ,FIRST_ABOVE_BASELINE_RANGE,30,25,5
add_sub,6,24,RZ,FIRST_BELOW_BASELINE_NORMAL,78,56,22
add_sub,6,24,RZ,RECOVERED_NORMAL_AFTER_HIGH_FIRST,30,25,5
add_sub,6,24,RZ,RECOVERED_NORMAL_AFTER_LOW_FIRST,39,36,3
add_sub,6,24,RZ,NORMAL_FINAL_VALUE_MISMATCH,30,25,5
add_sub,6,24,RZ,MATCH_VALUE_AND_FLAGS,1000318,999929,389
add_sub,7,53,RN,ALL,1000400,1000000,400
add_sub,7,53,RN,VALUE_MISMATCH,5,0,5
add_sub,7,53,RN,FLAGS_MISMATCH,11,0,11
add_sub,7,53,RN,NAN_PRESENT,1078,966,112
add_sub,7,53,RN,FIRST_ABOVE_BASELINE_RANGE,5,0,5
add_sub,7,53,RN,FIRST_BELOW_BASELINE_NORMAL,22,0,22
add_sub,7,53,RN,RECOVERED_NORMAL_AFTER_HIGH_FIRST,0,0,0
add_sub,7,53,RN,RECOVERED_NORMAL_AFTER_LOW_FIRST,0,0,0
add_sub,7,53,RN,NORMAL_FINAL_VALUE_MISMATCH,0,0,0
add_sub,7,53,RN,MATCH_VALUE_AND_FLAGS,1000389,1000000,389
add_sub,7,53,RD,ALL,1000400,1000000,400
add_sub,7,53,RD,VALUE_MISMATCH,19,0,19
add_sub,7,53,RD,FLAGS_MISMATCH,25,0,25
add_sub,7,53,RD,NAN_PRESENT,1078,966,112
add_sub,7,53,RD,FIRST_ABOVE_BASELINE_RANGE,11,0,11
add_sub,7,53,RD,FIRST_BELOW_BASELINE_NORMAL,22,0,22
add_sub,7,53,RD,RECOVERED_NORMAL_AFTER_HIGH_FIRST,0,0,0
add_sub,7,53,RD,RECOVERED_NORMAL_AFTER_LOW_FIRST,0,0,0
add_sub,7,53,RD,NORMAL_FINAL_VALUE_MISMATCH,0,0,0
add_sub,7,53,RD,MATCH_VALUE_AND_FLAGS,1000375,1000000,375
add_sub,7,53,RU,ALL,1000400,1000000,400
add_sub,7,53,RU,VALUE_MISMATCH,24,0,24
add_sub,7,53,RU,FLAGS_MISMATCH,30,0,30
add_sub,7,53,RU,NAN_PRESENT,1078,966,112
add_sub,7,53,RU,FIRST_ABOVE_BASELINE_RANGE,21,0,21
add_sub,7,53,RU,FIRST_BELOW_BASELINE_NORMAL,22,0,22
add_sub,7,53,RU,RECOVERED_NORMAL_AFTER_HIGH_FIRST,0,0,0
add_sub,7,53,RU,RECOVERED_NORMAL_AFTER_LOW_FIRST,0,0,0
add_sub,7,53,RU,NORMAL_FINAL_VALUE_MISMATCH,0,0,0
add_sub,7,53,RU,MATCH_VALUE_AND_FLAGS,1000370,1000000,370
add_sub,7,53,RZ,ALL,1000400,1000000,400
add_sub,7,53,RZ,VALUE_MISMATCH,5,0,5
add_sub,7,53,RZ,FLAGS_MISMATCH,11,0,11
add_sub,7,53,RZ,NAN_PRESENT,1078,966,112
add_sub,7,53,RZ,FIRST_ABOVE_BASELINE_RANGE,5,0,5
add_sub,7,53,RZ,FIRST_BELOW_BASELINE_NORMAL,22,0,22
add_sub,7,53,RZ,RECOVERED_NORMAL_AFTER_HIGH_FIRST,0,0,0
add_sub,7,53,RZ,RECOVERED_NORMAL_AFTER_LOW_FIRST,0,0,0
add_sub,7,53,RZ,NORMAL_FINAL_VALUE_MISMATCH,0,0,0
add_sub,7,53,RZ,MATCH_VALUE_AND_FLAGS,1000389,1000000,389
add_sub,7,24,RN,ALL,1000400,1000000,400
add_sub,7,24,RN,VALUE_MISMATCH,33,28,5
add_sub,7,24,RN,FLAGS_MISMATCH,79,68,11
add_sub,7,24,RN,NAN_PRESENT,8077,7965,112
add_sub,7,24,RN,FIRST_ABOVE_BASELINE_RANGE,30,25,5
add_sub,7,24,RN,FIRST_BELOW_BASELINE_NORMAL,78,56,22
add_sub,7,24,RN,RECOVERED_NORMAL_AFTER_HIGH_FIRST,0,0,0
add_sub,7,24,RN,RECOVERED_NORMAL_AFTER_LOW_FIRST,0,0,0
add_sub,7,24,RN,NORMAL_FINAL_VALUE_MISMATCH,0,0,0
add_sub,7,24,RN,MATCH_VALUE_AND_FLAGS,1000318,999929,389
add_sub,7,24,RD,ALL,1000400,1000000,400
add_sub,7,24,RD,VALUE_MISMATCH,47,28,19
add_sub,7,24,RD,FLAGS_MISMATCH,93,68,25
add_sub,7,24,RD,NAN_PRESENT,8077,7965,112
add_sub,7,24,RD,FIRST_ABOVE_BASELINE_RANGE,36,25,11
add_sub,7,24,RD,FIRST_BELOW_BASELINE_NORMAL,78,56,22
add_sub,7,24,RD,RECOVERED_NORMAL_AFTER_HIGH_FIRST,0,0,0
add_sub,7,24,RD,RECOVERED_NORMAL_AFTER_LOW_FIRST,0,0,0
add_sub,7,24,RD,NORMAL_FINAL_VALUE_MISMATCH,0,0,0
add_sub,7,24,RD,MATCH_VALUE_AND_FLAGS,1000304,999929,375
add_sub,7,24,RU,ALL,1000400,1000000,400
add_sub,7,24,RU,VALUE_MISMATCH,52,28,24
add_sub,7,24,RU,FLAGS_MISMATCH,98,68,30
add_sub,7,24,RU,NAN_PRESENT,8077,7965,112
add_sub,7,24,RU,FIRST_ABOVE_BASELINE_RANGE,46,25,21
add_sub,7,24,RU,FIRST_BELOW_BASELINE_NORMAL,78,56,22
add_sub,7,24,RU,RECOVERED_NORMAL_AFTER_HIGH_FIRST,0,0,0
add_sub,7,24,RU,RECOVERED_NORMAL_AFTER_LOW_FIRST,0,0,0
add_sub,7,24,RU,NORMAL_FINAL_VALUE_MISMATCH,0,0,0
add_sub,7,24,RU,MATCH_VALUE_AND_FLAGS,1000299,999929,370
add_sub,7,24,RZ,ALL,1000400,1000000,400
add_sub,7,24,RZ,VALUE_MISMATCH,33,28,5
add_sub,7,24,RZ,FLAGS_MISMATCH,79,68,11
add_sub,7,24,RZ,NAN_PRESENT,8077,7965,112
add_sub,7,24,RZ,FIRST_ABOVE_BASELINE_RANGE,30,25,5
add_sub,7,24,RZ,FIRST_BELOW_BASELINE_NORMAL,78,56,22
add_sub,7,24,RZ,RECOVERED_NORMAL_AFTER_HIGH_FIRST,0,0,0
add_sub,7,24,RZ,RECOVERED_NORMAL_AFTER_LOW_FIRST,0,0,0
add_sub,7,24,RZ,NORMAL_FINAL_VALUE_MISMATCH,0,0,0
add_sub,7,24,RZ,MATCH_VALUE_AND_FLAGS,1000318,999929,389
add_sub,8,53,RN,ALL,1000400,1000000,400
add_sub,8,53,RN,VALUE_MISMATCH,5,0,5
add_sub,8,53,RN,FLAGS_MISMATCH,11,0,11
add_sub,8,53,RN,NAN_PRESENT,1078,966,112
add_sub,8,53,RN,FIRST_ABOVE_BASELINE_RANGE,5,0,5
add_sub,8,53,RN,FIRST_BELOW_BASELINE_NORMAL,22,0,22
add_sub,8,53,RN,RECOVERED_NORMAL_AFTER_HIGH_FIRST,4,0,4
add_sub,8,53,RN,RECOVERED_NORMAL_AFTER_LOW_FIRST,3,0,3
add_sub,8,53,RN,NORMAL_FINAL_VALUE_MISMATCH,4,0,4
add_sub,8,53,RN,MATCH_VALUE_AND_FLAGS,1000389,1000000,389
add_sub,8,53,RD,ALL,1000400,1000000,400
add_sub,8,53,RD,VALUE_MISMATCH,19,0,19
add_sub,8,53,RD,FLAGS_MISMATCH,25,0,25
add_sub,8,53,RD,NAN_PRESENT,1078,966,112
add_sub,8,53,RD,FIRST_ABOVE_BASELINE_RANGE,11,0,11
add_sub,8,53,RD,FIRST_BELOW_BASELINE_NORMAL,22,0,22
add_sub,8,53,RD,RECOVERED_NORMAL_AFTER_HIGH_FIRST,8,0,8
add_sub,8,53,RD,RECOVERED_NORMAL_AFTER_LOW_FIRST,3,0,3
add_sub,8,53,RD,NORMAL_FINAL_VALUE_MISMATCH,8,0,8
add_sub,8,53,RD,MATCH_VALUE_AND_FLAGS,1000375,1000000,375
add_sub,8,53,RU,ALL,1000400,1000000,400
add_sub,8,53,RU,VALUE_MISMATCH,24,0,24
add_sub,8,53,RU,FLAGS_MISMATCH,30,0,30
add_sub,8,53,RU,NAN_PRESENT,1078,966,112
add_sub,8,53,RU,FIRST_ABOVE_BASELINE_RANGE,21,0,21
add_sub,8,53,RU,FIRST_BELOW_BASELINE_NORMAL,22,0,22
add_sub,8,53,RU,RECOVERED_NORMAL_AFTER_HIGH_FIRST,12,0,12
add_sub,8,53,RU,RECOVERED_NORMAL_AFTER_LOW_FIRST,3,0,3
add_sub,8,53,RU,NORMAL_FINAL_VALUE_MISMATCH,12,0,12
add_sub,8,53,RU,MATCH_VALUE_AND_FLAGS,1000370,1000000,370
add_sub,8,53,RZ,ALL,1000400,1000000,400
add_sub,8,53,RZ,VALUE_MISMATCH,5,0,5
add_sub,8,53,RZ,FLAGS_MISMATCH,11,0,11
add_sub,8,53,RZ,NAN_PRESENT,1078,966,112
add_sub,8,53,RZ,FIRST_ABOVE_BASELINE_RANGE,5,0,5
add_sub,8,53,RZ,FIRST_BELOW_BASELINE_NORMAL,22,0,22
add_sub,8,53,RZ,RECOVERED_NORMAL_AFTER_HIGH_FIRST,5,0,5
add_sub,8,53,RZ,RECOVERED_NORMAL_AFTER_LOW_FIRST,3,0,3
add_sub,8,53,RZ,NORMAL_FINAL_VALUE_MISMATCH,5,0,5
add_sub,8,53,RZ,MATCH_VALUE_AND_FLAGS,1000389,1000000,389
add_sub,8,24,RN,ALL,1000400,1000000,400
add_sub,8,24,RN,VALUE_MISMATCH,33,28,5
add_sub,8,24,RN,FLAGS_MISMATCH,79,68,11
add_sub,8,24,RN,NAN_PRESENT,8077,7965,112
add_sub,8,24,RN,FIRST_ABOVE_BASELINE_RANGE,30,25,5
add_sub,8,24,RN,FIRST_BELOW_BASELINE_NORMAL,78,56,22
add_sub,8,24,RN,RECOVERED_NORMAL_AFTER_HIGH_FIRST,29,25,4
add_sub,8,24,RN,RECOVERED_NORMAL_AFTER_LOW_FIRST,39,36,3
add_sub,8,24,RN,NORMAL_FINAL_VALUE_MISMATCH,29,25,4
add_sub,8,24,RN,MATCH_VALUE_AND_FLAGS,1000318,999929,389
add_sub,8,24,RD,ALL,1000400,1000000,400
add_sub,8,24,RD,VALUE_MISMATCH,47,28,19
add_sub,8,24,RD,FLAGS_MISMATCH,93,68,25
add_sub,8,24,RD,NAN_PRESENT,8077,7965,112
add_sub,8,24,RD,FIRST_ABOVE_BASELINE_RANGE,36,25,11
add_sub,8,24,RD,FIRST_BELOW_BASELINE_NORMAL,78,56,22
add_sub,8,24,RD,RECOVERED_NORMAL_AFTER_HIGH_FIRST,33,25,8
add_sub,8,24,RD,RECOVERED_NORMAL_AFTER_LOW_FIRST,39,36,3
add_sub,8,24,RD,NORMAL_FINAL_VALUE_MISMATCH,33,25,8
add_sub,8,24,RD,MATCH_VALUE_AND_FLAGS,1000304,999929,375
add_sub,8,24,RU,ALL,1000400,1000000,400
add_sub,8,24,RU,VALUE_MISMATCH,52,28,24
add_sub,8,24,RU,FLAGS_MISMATCH,98,68,30
add_sub,8,24,RU,NAN_PRESENT,8077,7965,112
add_sub,8,24,RU,FIRST_ABOVE_BASELINE_RANGE,46,25,21
add_sub,8,24,RU,FIRST_BELOW_BASELINE_NORMAL,78,56,22
add_sub,8,24,RU,RECOVERED_NORMAL_AFTER_HIGH_FIRST,37,25,12
add_sub,8,24,RU,RECOVERED_NORMAL_AFTER_LOW_FIRST,39,36,3
add_sub,8,24,RU,NORMAL_FINAL_VALUE_MISMATCH,37,25,12
add_sub,8,24,RU,MATCH_VALUE_AND_FLAGS,1000299,999929,370
add_sub,8,24,RZ,ALL,1000400,1000000,400
add_sub,8,24,RZ,VALUE_MISMATCH,33,28,5
add_sub,8,24,RZ,FLAGS_MISMATCH,79,68,11
add_sub,8,24,RZ,NAN_PRESENT,8077,7965,112
add_sub,8,24,RZ,FIRST_ABOVE_BASELINE_RANGE,30,25,5
add_sub,8,24,RZ,FIRST_BELOW_BASELINE_NORMAL,78,56,22
add_sub,8,24,RZ,RECOVERED_NORMAL_AFTER_HIGH_FIRST,30,25,5
add_sub,8,24,RZ,RECOVERED_NORMAL_AFTER_LOW_FIRST,39,36,3
add_sub,8,24,RZ,NORMAL_FINAL_VALUE_MISMATCH,30,25,5
add_sub,8,24,RZ,MATCH_VALUE_AND_FLAGS,1000318,999929,389
