operation,pc,rounding,pair,a_80_hex,b_80_hex,x87_80_hex,sse_80_hex,a_narrow_hex,b_narrow_hex,fsw_before,fsw_after,a_narrow_fsw,b_narrow_fsw,mxcsr
FADD,53,RN,0,3fff8000000000000001,3fff8000000000000000,40008000000000000000,40008000000000000000,3ff0000000000000,3ff0000000000000,3000,3020,0020,0000,00001f80
FADD,53,RN,1,43ff8000000000000000,40008000000000000000,43ff8000000000000000,7fff8000000000000000,7ff0000000000000,4000000000000000,3000,3020,0228,0000,00001f80
FADD,53,RN,2,3bcc8000000000000000,40008000000000000000,40008000000000000000,40008000000000000000,0000000000000000,4000000000000000,3000,3020,0030,0000,00001f80
FADD,53,RN,3,40028000000000000000,40008000000000000000,4002a000000000000000,4002a000000000000000,4020000000000000,4000000000000000,3000,3000,0000,0000,00001f80
FADD,53,RD,0,3fff8000000000000001,3fff8000000000000000,40008000000000000000,40008000000000000000,3ff0000000000000,3ff0000000000000,3000,3020,0020,0000,00003f80
FADD,53,RD,1,43ff8000000000000000,40008000000000000000,43ff8000000000000000,43fefffffffffffff800,7fefffffffffffff,4000000000000000,3000,3020,0028,0000,00003fa0
FADD,53,RD,2,3bcc8000000000000000,40008000000000000000,40008000000000000000,40008000000000000000,0000000000000000,4000000000000000,3000,3020,0030,0000,00003f80
FADD,53,RD,3,40028000000000000000,40008000000000000000,4002a000000000000000,4002a000000000000000,4020000000000000,4000000000000000,3000,3000,0000,0000,00003f80
FADD,53,RU,0,3fff8000000000000001,3fff8000000000000000,40008000000000000800,40008000000000000800,3ff0000000000001,3ff0000000000000,3000,3220,0220,0000,00005fa0
FADD,53,RU,1,43ff8000000000000000,40008000000000000000,43ff8000000000000800,7fff8000000000000000,7ff0000000000000,4000000000000000,3000,3220,0228,0000,00005f80
FADD,53,RU,2,3bcc8000000000000000,40008000000000000000,40008000000000000800,40008000000000000800,0000000000000001,4000000000000000,3000,3220,0230,0000,00005fa2
FADD,53,RU,3,40028000000000000000,40008000000000000000,4002a000000000000000,4002a000000000000000,4020000000000000,4000000000000000,3000,3000,0000,0000,00005f80
FADD,53,RZ,0,3fff8000000000000001,3fff8000000000000000,40008000000000000000,40008000000000000000,3ff0000000000000,3ff0000000000000,3000,3020,0020,0000,00007f80
FADD,53,RZ,1,43ff8000000000000000,40008000000000000000,43ff8000000000000000,43fefffffffffffff800,7fefffffffffffff,4000000000000000,3000,3020,0028,0000,00007fa0
FADD,53,RZ,2,3bcc8000000000000000,40008000000000000000,40008000000000000000,40008000000000000000,0000000000000000,4000000000000000,3000,3020,0030,0000,00007f80
FADD,53,RZ,3,40028000000000000000,40008000000000000000,4002a000000000000000,4002a000000000000000,4020000000000000,4000000000000000,3000,3000,0000,0000,00007f80
FADD,24,RN,0,3fff8000000000000001,3fff8000000000000000,40008000000000000000,40008000000000000000,000000003f800000,000000003f800000,3000,3020,0020,0000,00001f80
FADD,24,RN,1,43ff8000000000000000,40008000000000000000,43ff8000000000000000,7fff8000000000000000,000000007f800000,0000000040000000,3000,3020,0228,0000,00001f80
FADD,24,RN,2,3bcc8000000000000000,40008000000000000000,40008000000000000000,40008000000000000000,0000000000000000,0000000040000000,3000,3020,0030,0000,00001f80
FADD,24,RN,3,40028000000000000000,40008000000000000000,4002a000000000000000,4002a000000000000000,0000000041000000,0000000040000000,3000,3000,0000,0000,00001f80
FADD,24,RD,0,3fff8000000000000001,3fff8000000000000000,40008000000000000000,40008000000000000000,000000003f800000,000000003f800000,3000,3020,0020,0000,00003f80
FADD,24,RD,1,43ff8000000000000000,40008000000000000000,43ff8000000000000000,407effffff0000000000,000000007f7fffff,0000000040000000,3000,3020,0028,0000,00003fa0
FADD,24,RD,2,3bcc8000000000000000,40008000000000000000,40008000000000000000,40008000000000000000,0000000000000000,0000000040000000,3000,3020,0030,0000,00003f80
FADD,24,RD,3,40028000000000000000,40008000000000000000,4002a000000000000000,4002a000000000000000,0000000041000000,0000000040000000,3000,3000,0000,0000,00003f80
FADD,24,RU,0,3fff8000000000000001,3fff8000000000000000,40008000010000000000,40008000010000000000,000000003f800001,000000003f800000,3000,3220,0220,0000,00005fa0
FADD,24,RU,1,43ff8000000000000000,40008000000000000000,43ff8000010000000000,7fff8000000000000000,000000007f800000,0000000040000000,3000,3220,0228,0000,00005f80
FADD,24,RU,2,3bcc8000000000000000,40008000000000000000,40008000010000000000,40008000010000000000,0000000000000001,0000000040000000,3000,3220,0230,0000,00005fa2
FADD,24,RU,3,40028000000000000000,40008000000000000000,4002a000000000000000,4002a000000000000000,0000000041000000,0000000040000000,3000,3000,0000,0000,00005f80
FADD,24,RZ,0,3fff8000000000000001,3fff8000000000000000,40008000000000000000,40008000000000000000,000000003f800000,000000003f800000,3000,3020,0020,0000,00007f80
FADD,24,RZ,1,43ff8000000000000000,40008000000000000000,43ff8000000000000000,407effffff0000000000,000000007f7fffff,0000000040000000,3000,3020,0028,0000,00007fa0
FADD,24,RZ,2,3bcc8000000000000000,40008000000000000000,40008000000000000000,40008000000000000000,0000000000000000,0000000040000000,3000,3020,0030,0000,00007f80
FADD,24,RZ,3,40028000000000000000,40008000000000000000,4002a000000000000000,4002a000000000000000,0000000041000000,0000000040000000,3000,3000,0000,0000,00007f80
FADD,64,RN,0,3fff8000000000000001,3fff8000000000000000,40008000000000000000,40008000000000000000,3ff0000000000000,3ff0000000000000,3000,3020,0020,0000,00001f80
FADD,64,RN,1,43ff8000000000000000,40008000000000000000,43ff8000000000000000,7fff8000000000000000,7ff0000000000000,4000000000000000,3000,3020,0228,0000,00001f80
FADD,64,RN,2,3bcc8000000000000000,40008000000000000000,40008000000000000000,40008000000000000000,0000000000000000,4000000000000000,3000,3020,0030,0000,00001f80
FADD,64,RN,3,40028000000000000000,40008000000000000000,4002a000000000000000,4002a000000000000000,4020000000000000,4000000000000000,3000,3000,0000,0000,00001f80
FADD,64,RD,0,3fff8000000000000001,3fff8000000000000000,40008000000000000000,40008000000000000000,3ff0000000000000,3ff0000000000000,3000,3020,0020,0000,00003f80
FADD,64,RD,1,43ff8000000000000000,40008000000000000000,43ff8000000000000000,43fefffffffffffff800,7fefffffffffffff,4000000000000000,3000,3020,0028,0000,00003fa0
FADD,64,RD,2,3bcc8000000000000000,40008000000000000000,40008000000000000000,40008000000000000000,0000000000000000,4000000000000000,3000,3020,0030,0000,00003f80
FADD,64,RD,3,40028000000000000000,40008000000000000000,4002a000000000000000,4002a000000000000000,4020000000000000,4000000000000000,3000,3000,0000,0000,00003f80
FADD,64,RU,0,3fff8000000000000001,3fff8000000000000000,40008000000000000001,40008000000000000800,3ff0000000000001,3ff0000000000000,3000,3220,0220,0000,00005fa0
FADD,64,RU,1,43ff8000000000000000,40008000000000000000,43ff8000000000000001,7fff8000000000000000,7ff0000000000000,4000000000000000,3000,3220,0228,0000,00005f80
FADD,64,RU,2,3bcc8000000000000000,40008000000000000000,40008000000000000001,40008000000000000800,0000000000000001,4000000000000000,3000,3220,0230,0000,00005fa2
FADD,64,RU,3,40028000000000000000,40008000000000000000,4002a000000000000000,4002a000000000000000,4020000000000000,4000000000000000,3000,3000,0000,0000,00005f80
FADD,64,RZ,0,3fff8000000000000001,3fff8000000000000000,40008000000000000000,40008000000000000000,3ff0000000000000,3ff0000000000000,3000,3020,0020,0000,00007f80
FADD,64,RZ,1,43ff8000000000000000,40008000000000000000,43ff8000000000000000,43fefffffffffffff800,7fefffffffffffff,4000000000000000,3000,3020,0028,0000,00007fa0
FADD,64,RZ,2,3bcc8000000000000000,40008000000000000000,40008000000000000000,40008000000000000000,0000000000000000,4000000000000000,3000,3020,0030,0000,00007f80
FADD,64,RZ,3,40028000000000000000,40008000000000000000,4002a000000000000000,4002a000000000000000,4020000000000000,4000000000000000,3000,3000,0000,0000,00007f80
FSUB,53,RN,0,3fff8000000000000001,3fff8000000000000000,3fc08000000000000000,00000000000000000000,3ff0000000000000,3ff0000000000000,3000,3000,0020,0000,00001f80
FSUB,53,RN,1,43ff8000000000000000,40008000000000000000,43ff8000000000000000,7fff8000000000000000,7ff0000000000000,4000000000000000,3000,3220,0228,0000,00001f80
FSUB,53,RN,2,3bcc8000000000000000,40008000000000000000,c0008000000000000000,c0008000000000000000,0000000000000000,4000000000000000,3000,3220,0030,0000,00001f80
FSUB,53,RN,3,40028000000000000000,40008000000000000000,4001c000000000000000,4001c000000000000000,4020000000000000,4000000000000000,3000,3000,0000,0000,00001f80
FSUB,53,RD,0,3fff8000000000000001,3fff8000000000000000,3fc08000000000000000,80000000000000000000,3ff0000000000000,3ff0000000000000,3000,3000,0020,0000,00003f80
FSUB,53,RD,1,43ff8000000000000000,40008000000000000000,43fefffffffffffff800,43fefffffffffffff000,7fefffffffffffff,4000000000000000,3000,3020,0028,0000,00003fa0
FSUB,53,RD,2,3bcc8000000000000000,40008000000000000000,c0008000000000000000,c0008000000000000000,0000000000000000,4000000000000000,3000,3220,0030,0000,00003f80
FSUB,53,RD,3,40028000000000000000,40008000000000000000,4001c000000000000000,4001c000000000000000,4020000000000000,4000000000000000,3000,3000,0000,0000,00003f80
FSUB,53,RU,0,3fff8000000000000001,3fff8000000000000000,3fc08000000000000000,3fcb8000000000000000,3ff0000000000001,3ff0000000000000,3000,3000,0220,0000,00005f80
FSUB,53,RU,1,43ff8000000000000000,40008000000000000000,43ff8000000000000000,7fff8000000000000000,7ff0000000000000,4000000000000000,3000,3220,0228,0000,00005f80
FSUB,53,RU,2,3bcc8000000000000000,40008000000000000000,bffffffffffffffff800,bffffffffffffffff800,0000000000000001,4000000000000000,3000,3020,0230,0000,00005fa2
FSUB,53,RU,3,40028000000000000000,40008000000000000000,4001c000000000000000,4001c000000000000000,4020000000000000,4000000000000000,3000,3000,0000,0000,00005f80
FSUB,53,RZ,0,3fff8000000000000001,3fff8000000000000000,3fc08000000000000000,00000000000000000000,3ff0000000000000,3ff0000000000000,3000,3000,0020,0000,00007f80
FSUB,53,RZ,1,43ff8000000000000000,40008000000000000000,43fefffffffffffff800,43fefffffffffffff000,7fefffffffffffff,4000000000000000,3000,3020,0028,0000,00007fa0
FSUB,53,RZ,2,3bcc8000000000000000,40008000000000000000,bffffffffffffffff800,c0008000000000000000,0000000000000000,4000000000000000,3000,3020,0030,0000,00007f80
FSUB,53,RZ,3,40028000000000000000,40008000000000000000,4001c000000000000000,4001c000000000000000,4020000000000000,4000000000000000,3000,3000,0000,0000,00007f80
FSUB,24,RN,0,3fff8000000000000001,3fff8000000000000000,3fc08000000000000000,00000000000000000000,000000003f800000,000000003f800000,3000,3000,0020,0000,00001f80
FSUB,24,RN,1,43ff8000000000000000,40008000000000000000,43ff8000000000000000,7fff8000000000000000,000000007f800000,0000000040000000,3000,3220,0228,0000,00001f80
FSUB,24,RN,2,3bcc8000000000000000,40008000000000000000,c0008000000000000000,c0008000000000000000,0000000000000000,0000000040000000,3000,3220,0030,0000,00001f80
FSUB,24,RN,3,40028000000000000000,40008000000000000000,4001c000000000000000,4001c000000000000000,0000000041000000,0000000040000000,3000,3000,0000,0000,00001f80
FSUB,24,RD,0,3fff8000000000000001,3fff8000000000000000,3fc08000000000000000,80000000000000000000,000000003f800000,000000003f800000,3000,3000,0020,0000,00003f80
FSUB,24,RD,1,43ff8000000000000000,40008000000000000000,43feffffff0000000000,407efffffe0000000000,000000007f7fffff,0000000040000000,3000,3020,0028,0000,00003fa0
FSUB,24,RD,2,3bcc8000000000000000,40008000000000000000,c0008000000000000000,c0008000000000000000,0000000000000000,0000000040000000,3000,3220,0030,0000,00003f80
FSUB,24,RD,3,40028000000000000000,40008000000000000000,4001c000000000000000,4001c000000000000000,0000000041000000,0000000040000000,3000,3000,0000,0000,00003f80
FSUB,24,RU,0,3fff8000000000000001,3fff8000000000000000,3fc08000000000000000,3fe88000000000000000,000000003f800001,000000003f800000,3000,3000,0220,0000,00005f80
FSUB,24,RU,1,43ff8000000000000000,40008000000000000000,43ff8000000000000000,7fff8000000000000000,000000007f800000,0000000040000000,3000,3220,0228,0000,00005f80
FSUB,24,RU,2,3bcc8000000000000000,40008000000000000000,bfffffffff0000000000,bfffffffff0000000000,0000000000000001,0000000040000000,3000,3020,0230,0000,00005fa2
FSUB,24,RU,3,40028000000000000000,40008000000000000000,4001c000000000000000,4001c000000000000000,0000000041000000,0000000040000000,3000,3000,0000,0000,00005f80
FSUB,24,RZ,0,3fff8000000000000001,3fff8000000000000000,3fc08000000000000000,00000000000000000000,000000003f800000,000000003f800000,3000,3000,0020,0000,00007f80
FSUB,24,RZ,1,43ff8000000000000000,40008000000000000000,43feffffff0000000000,407efffffe0000000000,000000007f7fffff,0000000040000000,3000,3020,0028,0000,00007fa0
FSUB,24,RZ,2,3bcc8000000000000000,40008000000000000000,bfffffffff0000000000,c0008000000000000000,0000000000000000,0000000040000000,3000,3020,0030,0000,00007f80
FSUB,24,RZ,3,40028000000000000000,40008000000000000000,4001c000000000000000,4001c000000000000000,0000000041000000,0000000040000000,3000,3000,0000,0000,00007f80
FSUB,64,RN,0,3fff8000000000000001,3fff8000000000000000,3fc08000000000000000,00000000000000000000,3ff0000000000000,3ff0000000000000,3000,3000,0020,0000,00001f80
FSUB,64,RN,1,43ff8000000000000000,40008000000000000000,43ff8000000000000000,7fff8000000000000000,7ff0000000000000,4000000000000000,3000,3220,0228,0000,00001f80
FSUB,64,RN,2,3bcc8000000000000000,40008000000000000000,c0008000000000000000,c0008000000000000000,0000000000000000,4000000000000000,3000,3220,0030,0000,00001f80
FSUB,64,RN,3,40028000000000000000,40008000000000000000,4001c000000000000000,4001c000000000000000,4020000000000000,4000000000000000,3000,3000,0000,0000,00001f80
FSUB,64,RD,0,3fff8000000000000001,3fff8000000000000000,3fc08000000000000000,80000000000000000000,3ff0000000000000,3ff0000000000000,3000,3000,0020,0000,00003f80
FSUB,64,RD,1,43ff8000000000000000,40008000000000000000,43feffffffffffffffff,43fefffffffffffff000,7fefffffffffffff,4000000000000000,3000,3020,0028,0000,00003fa0
FSUB,64,RD,2,3bcc8000000000000000,40008000000000000000,c0008000000000000000,c0008000000000000000,0000000000000000,4000000000000000,3000,3220,0030,0000,00003f80
FSUB,64,RD,3,40028000000000000000,40008000000000000000,4001c000000000000000,4001c000000000000000,4020000000000000,4000000000000000,3000,3000,0000,0000,00003f80
FSUB,64,RU,0,3fff8000000000000001,3fff8000000000000000,3fc08000000000000000,3fcb8000000000000000,3ff0000000000001,3ff0000000000000,3000,3000,0220,0000,00005f80
FSUB,64,RU,1,43ff8000000000000000,40008000000000000000,43ff8000000000000000,7fff8000000000000000,7ff0000000000000,4000000000000000,3000,3220,0228,0000,00005f80
FSUB,64,RU,2,3bcc8000000000000000,40008000000000000000,bfffffffffffffffffff,bffffffffffffffff800,0000000000000001,4000000000000000,3000,3020,0230,0000,00005fa2
FSUB,64,RU,3,40028000000000000000,40008000000000000000,4001c000000000000000,4001c000000000000000,4020000000000000,4000000000000000,3000,3000,0000,0000,00005f80
FSUB,64,RZ,0,3fff8000000000000001,3fff8000000000000000,3fc08000000000000000,00000000000000000000,3ff0000000000000,3ff0000000000000,3000,3000,0020,0000,00007f80
FSUB,64,RZ,1,43ff8000000000000000,40008000000000000000,43feffffffffffffffff,43fefffffffffffff000,7fefffffffffffff,4000000000000000,3000,3020,0028,0000,00007fa0
FSUB,64,RZ,2,3bcc8000000000000000,40008000000000000000,bfffffffffffffffffff,c0008000000000000000,0000000000000000,4000000000000000,3000,3020,0030,0000,00007f80
FSUB,64,RZ,3,40028000000000000000,40008000000000000000,4001c000000000000000,4001c000000000000000,4020000000000000,4000000000000000,3000,3000,0000,0000,00007f80
FMUL,53,RN,0,3fff8000000000000001,3fff8000000000000000,3fff8000000000000000,3fff8000000000000000,3ff0000000000000,3ff0000000000000,3000,3020,0020,0000,00001f80
FMUL,53,RN,1,43ff8000000000000000,40008000000000000000,44008000000000000000,7fff8000000000000000,7ff0000000000000,4000000000000000,3000,3000,0228,0000,00001f80
FMUL,53,RN,2,3bcc8000000000000000,40008000000000000000,3bcd8000000000000000,00000000000000000000,0000000000000000,4000000000000000,3000,3000,0030,0000,00001f80
FMUL,53,RN,3,40028000000000000000,40008000000000000000,40038000000000000000,40038000000000000000,4020000000000000,4000000000000000,3000,3000,0000,0000,00001f80
FMUL,53,RD,0,3fff8000000000000001,3fff8000000000000000,3fff8000000000000000,3fff8000000000000000,3ff0000000000000,3ff0000000000000,3000,3020,0020,0000,00003f80
FMUL,53,RD,1,43ff8000000000000000,40008000000000000000,44008000000000000000,43fefffffffffffff800,7fefffffffffffff,4000000000000000,3000,3000,0028,0000,00003fa8
FMUL,53,RD,2,3bcc8000000000000000,40008000000000000000,3bcd8000000000000000,00000000000000000000,0000000000000000,4000000000000000,3000,3000,0030,0000,00003f80
FMUL,53,RD,3,40028000000000000000,40008000000000000000,40038000000000000000,40038000000000000000,4020000000000000,4000000000000000,3000,3000,0000,0000,00003f80
FMUL,53,RU,0,3fff8000000000000001,3fff8000000000000000,3fff8000000000000800,3fff8000000000000800,3ff0000000000001,3ff0000000000000,3000,3220,0220,0000,00005f80
FMUL,53,RU,1,43ff8000000000000000,40008000000000000000,44008000000000000000,7fff8000000000000000,7ff0000000000000,4000000000000000,3000,3000,0228,0000,00005f80
FMUL,53,RU,2,3bcc8000000000000000,40008000000000000000,3bcd8000000000000000,3bce8000000000000000,0000000000000001,4000000000000000,3000,3000,0230,0000,00005f82
FMUL,53,RU,3,40028000000000000000,40008000000000000000,40038000000000000000,40038000000000000000,4020000000000000,4000000000000000,3000,3000,0000,0000,00005f80
FMUL,53,RZ,0,3fff8000000000000001,3fff8000000000000000,3fff8000000000000000,3fff8000000000000000,3ff0000000000000,3ff0000000000000,3000,3020,0020,0000,00007f80
FMUL,53,RZ,1,43ff8000000000000000,40008000000000000000,44008000000000000000,43fefffffffffffff800,7fefffffffffffff,4000000000000000,3000,3000,0028,0000,00007fa8
FMUL,53,RZ,2,3bcc8000000000000000,40008000000000000000,3bcd8000000000000000,00000000000000000000,0000000000000000,4000000000000000,3000,3000,0030,0000,00007f80
FMUL,53,RZ,3,40028000000000000000,40008000000000000000,40038000000000000000,40038000000000000000,4020000000000000,4000000000000000,3000,3000,0000,0000,00007f80
FMUL,24,RN,0,3fff8000000000000001,3fff8000000000000000,3fff8000000000000000,3fff8000000000000000,000000003f800000,000000003f800000,3000,3020,0020,0000,00001f80
FMUL,24,RN,1,43ff8000000000000000,40008000000000000000,44008000000000000000,7fff8000000000000000,000000007f800000,0000000040000000,3000,3000,0228,0000,00001f80
FMUL,24,RN,2,3bcc8000000000000000,40008000000000000000,3bcd8000000000000000,00000000000000000000,0000000000000000,0000000040000000,3000,3000,0030,0000,00001f80
FMUL,24,RN,3,40028000000000000000,40008000000000000000,40038000000000000000,40038000000000000000,0000000041000000,0000000040000000,3000,3000,0000,0000,00001f80
FMUL,24,RD,0,3fff8000000000000001,3fff8000000000000000,3fff8000000000000000,3fff8000000000000000,000000003f800000,000000003f800000,3000,3020,0020,0000,00003f80
FMUL,24,RD,1,43ff8000000000000000,40008000000000000000,44008000000000000000,407effffff0000000000,000000007f7fffff,0000000040000000,3000,3000,0028,0000,00003fa8
FMUL,24,RD,2,3bcc8000000000000000,40008000000000000000,3bcd8000000000000000,00000000000000000000,0000000000000000,0000000040000000,3000,3000,0030,0000,00003f80
FMUL,24,RD,3,40028000000000000000,40008000000000000000,40038000000000000000,40038000000000000000,0000000041000000,0000000040000000,3000,3000,0000,0000,00003f80
FMUL,24,RU,0,3fff8000000000000001,3fff8000000000000000,3fff8000010000000000,3fff8000010000000000,000000003f800001,000000003f800000,3000,3220,0220,0000,00005f80
FMUL,24,RU,1,43ff8000000000000000,40008000000000000000,44008000000000000000,7fff8000000000000000,000000007f800000,0000000040000000,3000,3000,0228,0000,00005f80
FMUL,24,RU,2,3bcc8000000000000000,40008000000000000000,3bcd8000000000000000,3f6b8000000000000000,0000000000000001,0000000040000000,3000,3000,0230,0000,00005f82
FMUL,24,RU,3,40028000000000000000,40008000000000000000,40038000000000000000,40038000000000000000,0000000041000000,0000000040000000,3000,3000,0000,0000,00005f80
FMUL,24,RZ,0,3fff8000000000000001,3fff8000000000000000,3fff8000000000000000,3fff8000000000000000,000000003f800000,000000003f800000,3000,3020,0020,0000,00007f80
FMUL,24,RZ,1,43ff8000000000000000,40008000000000000000,44008000000000000000,407effffff0000000000,000000007f7fffff,0000000040000000,3000,3000,0028,0000,00007fa8
FMUL,24,RZ,2,3bcc8000000000000000,40008000000000000000,3bcd8000000000000000,00000000000000000000,0000000000000000,0000000040000000,3000,3000,0030,0000,00007f80
FMUL,24,RZ,3,40028000000000000000,40008000000000000000,40038000000000000000,40038000000000000000,0000000041000000,0000000040000000,3000,3000,0000,0000,00007f80
FMUL,64,RN,0,3fff8000000000000001,3fff8000000000000000,3fff8000000000000001,3fff8000000000000000,3ff0000000000000,3ff0000000000000,3000,3000,0020,0000,00001f80
FMUL,64,RN,1,43ff8000000000000000,40008000000000000000,44008000000000000000,7fff8000000000000000,7ff0000000000000,4000000000000000,3000,3000,0228,0000,00001f80
FMUL,64,RN,2,3bcc8000000000000000,40008000000000000000,3bcd8000000000000000,00000000000000000000,0000000000000000,4000000000000000,3000,3000,0030,0000,00001f80
FMUL,64,RN,3,40028000000000000000,40008000000000000000,40038000000000000000,40038000000000000000,4020000000000000,4000000000000000,3000,3000,0000,0000,00001f80
FMUL,64,RD,0,3fff8000000000000001,3fff8000000000000000,3fff8000000000000001,3fff8000000000000000,3ff0000000000000,3ff0000000000000,3000,3000,0020,0000,00003f80
FMUL,64,RD,1,43ff8000000000000000,40008000000000000000,44008000000000000000,43fefffffffffffff800,7fefffffffffffff,4000000000000000,3000,3000,0028,0000,00003fa8
FMUL,64,RD,2,3bcc8000000000000000,40008000000000000000,3bcd8000000000000000,00000000000000000000,0000000000000000,4000000000000000,3000,3000,0030,0000,00003f80
FMUL,64,RD,3,40028000000000000000,40008000000000000000,40038000000000000000,40038000000000000000,4020000000000000,4000000000000000,3000,3000,0000,0000,00003f80
FMUL,64,RU,0,3fff8000000000000001,3fff8000000000000000,3fff8000000000000001,3fff8000000000000800,3ff0000000000001,3ff0000000000000,3000,3000,0220,0000,00005f80
FMUL,64,RU,1,43ff8000000000000000,40008000000000000000,44008000000000000000,7fff8000000000000000,7ff0000000000000,4000000000000000,3000,3000,0228,0000,00005f80
FMUL,64,RU,2,3bcc8000000000000000,40008000000000000000,3bcd8000000000000000,3bce8000000000000000,0000000000000001,4000000000000000,3000,3000,0230,0000,00005f82
FMUL,64,RU,3,40028000000000000000,40008000000000000000,40038000000000000000,40038000000000000000,4020000000000000,4000000000000000,3000,3000,0000,0000,00005f80
FMUL,64,RZ,0,3fff8000000000000001,3fff8000000000000000,3fff8000000000000001,3fff8000000000000000,3ff0000000000000,3ff0000000000000,3000,3000,0020,0000,00007f80
FMUL,64,RZ,1,43ff8000000000000000,40008000000000000000,44008000000000000000,43fefffffffffffff800,7fefffffffffffff,4000000000000000,3000,3000,0028,0000,00007fa8
FMUL,64,RZ,2,3bcc8000000000000000,40008000000000000000,3bcd8000000000000000,00000000000000000000,0000000000000000,4000000000000000,3000,3000,0030,0000,00007f80
FMUL,64,RZ,3,40028000000000000000,40008000000000000000,40038000000000000000,40038000000000000000,4020000000000000,4000000000000000,3000,3000,0000,0000,00007f80
FDIV,53,RN,0,3fff8000000000000001,3fff8000000000000000,3fff8000000000000000,3fff8000000000000000,3ff0000000000000,3ff0000000000000,3000,3020,0020,0000,00001f80
FDIV,53,RN,1,43ff8000000000000000,40008000000000000000,43fe8000000000000000,7fff8000000000000000,7ff0000000000000,4000000000000000,3000,3000,0228,0000,00001f80
FDIV,53,RN,2,3bcc8000000000000000,40008000000000000000,3bcb8000000000000000,00000000000000000000,0000000000000000,4000000000000000,3000,3000,0030,0000,00001f80
FDIV,53,RN,3,40028000000000000000,40008000000000000000,40018000000000000000,40018000000000000000,4020000000000000,4000000000000000,3000,3000,0000,0000,00001f80
FDIV,53,RD,0,3fff8000000000000001,3fff8000000000000000,3fff8000000000000000,3fff8000000000000000,3ff0000000000000,3ff0000000000000,3000,3020,0020,0000,00003f80
FDIV,53,RD,1,43ff8000000000000000,40008000000000000000,43fe8000000000000000,43fdfffffffffffff800,7fefffffffffffff,4000000000000000,3000,3000,0028,0000,00003f80
FDIV,53,RD,2,3bcc8000000000000000,40008000000000000000,3bcb8000000000000000,00000000000000000000,0000000000000000,4000000000000000,3000,3000,0030,0000,00003f80
FDIV,53,RD,3,40028000000000000000,40008000000000000000,40018000000000000000,40018000000000000000,4020000000000000,4000000000000000,3000,3000,0000,0000,00003f80
FDIV,53,RU,0,3fff8000000000000001,3fff8000000000000000,3fff8000000000000800,3fff8000000000000800,3ff0000000000001,3ff0000000000000,3000,3220,0220,0000,00005f80
FDIV,53,RU,1,43ff8000000000000000,40008000000000000000,43fe8000000000000000,7fff8000000000000000,7ff0000000000000,4000000000000000,3000,3000,0228,0000,00005f80
FDIV,53,RU,2,3bcc8000000000000000,40008000000000000000,3bcb8000000000000000,3bcd8000000000000000,0000000000000001,4000000000000000,3000,3000,0230,0000,00005fb2
FDIV,53,RU,3,40028000000000000000,40008000000000000000,40018000000000000000,40018000000000000000,4020000000000000,4000000000000000,3000,3000,0000,0000,00005f80
FDIV,53,RZ,0,3fff8000000000000001,3fff8000000000000000,3fff8000000000000000,3fff8000000000000000,3ff0000000000000,3ff0000000000000,3000,3020,0020,0000,00007f80
FDIV,53,RZ,1,43ff8000000000000000,40008000000000000000,43fe8000000000000000,43fdfffffffffffff800,7fefffffffffffff,4000000000000000,3000,3000,0028,0000,00007f80
FDIV,53,RZ,2,3bcc8000000000000000,40008000000000000000,3bcb8000000000000000,00000000000000000000,0000000000000000,4000000000000000,3000,3000,0030,0000,00007f80
FDIV,53,RZ,3,40028000000000000000,40008000000000000000,40018000000000000000,40018000000000000000,4020000000000000,4000000000000000,3000,3000,0000,0000,00007f80
FDIV,24,RN,0,3fff8000000000000001,3fff8000000000000000,3fff8000000000000000,3fff8000000000000000,000000003f800000,000000003f800000,3000,3020,0020,0000,00001f80
FDIV,24,RN,1,43ff8000000000000000,40008000000000000000,43fe8000000000000000,7fff8000000000000000,000000007f800000,0000000040000000,3000,3000,0228,0000,00001f80
FDIV,24,RN,2,3bcc8000000000000000,40008000000000000000,3bcb8000000000000000,00000000000000000000,0000000000000000,0000000040000000,3000,3000,0030,0000,00001f80
FDIV,24,RN,3,40028000000000000000,40008000000000000000,40018000000000000000,40018000000000000000,0000000041000000,0000000040000000,3000,3000,0000,0000,00001f80
FDIV,24,RD,0,3fff8000000000000001,3fff8000000000000000,3fff8000000000000000,3fff8000000000000000,000000003f800000,000000003f800000,3000,3020,0020,0000,00003f80
FDIV,24,RD,1,43ff8000000000000000,40008000000000000000,43fe8000000000000000,407dffffff0000000000,000000007f7fffff,0000000040000000,3000,3000,0028,0000,00003f80
FDIV,24,RD,2,3bcc8000000000000000,40008000000000000000,3bcb8000000000000000,00000000000000000000,0000000000000000,0000000040000000,3000,3000,0030,0000,00003f80
FDIV,24,RD,3,40028000000000000000,40008000000000000000,40018000000000000000,40018000000000000000,0000000041000000,0000000040000000,3000,3000,0000,0000,00003f80
FDIV,24,RU,0,3fff8000000000000001,3fff8000000000000000,3fff8000010000000000,3fff8000010000000000,000000003f800001,000000003f800000,3000,3220,0220,0000,00005f80
FDIV,24,RU,1,43ff8000000000000000,40008000000000000000,43fe8000000000000000,7fff8000000000000000,000000007f800000,0000000040000000,3000,3000,0228,0000,00005f80
FDIV,24,RU,2,3bcc8000000000000000,40008000000000000000,3bcb8000000000000000,3f6a8000000000000000,0000000000000001,0000000040000000,3000,3000,0230,0000,00005fb2
FDIV,24,RU,3,40028000000000000000,40008000000000000000,40018000000000000000,40018000000000000000,0000000041000000,0000000040000000,3000,3000,0000,0000,00005f80
FDIV,24,RZ,0,3fff8000000000000001,3fff8000000000000000,3fff8000000000000000,3fff8000000000000000,000000003f800000,000000003f800000,3000,3020,0020,0000,00007f80
FDIV,24,RZ,1,43ff8000000000000000,40008000000000000000,43fe8000000000000000,407dffffff0000000000,000000007f7fffff,0000000040000000,3000,3000,0028,0000,00007f80
FDIV,24,RZ,2,3bcc8000000000000000,40008000000000000000,3bcb8000000000000000,00000000000000000000,0000000000000000,0000000040000000,3000,3000,0030,0000,00007f80
FDIV,24,RZ,3,40028000000000000000,40008000000000000000,40018000000000000000,40018000000000000000,0000000041000000,0000000040000000,3000,3000,0000,0000,00007f80
FDIV,64,RN,0,3fff8000000000000001,3fff8000000000000000,3fff8000000000000001,3fff8000000000000000,3ff0000000000000,3ff0000000000000,3000,3000,0020,0000,00001f80
FDIV,64,RN,1,43ff8000000000000000,40008000000000000000,43fe8000000000000000,7fff8000000000000000,7ff0000000000000,4000000000000000,3000,3000,0228,0000,00001f80
FDIV,64,RN,2,3bcc8000000000000000,40008000000000000000,3bcb8000000000000000,00000000000000000000,0000000000000000,4000000000000000,3000,3000,0030,0000,00001f80
FDIV,64,RN,3,40028000000000000000,40008000000000000000,40018000000000000000,40018000000000000000,4020000000000000,4000000000000000,3000,3000,0000,0000,00001f80
FDIV,64,RD,0,3fff8000000000000001,3fff8000000000000000,3fff8000000000000001,3fff8000000000000000,3ff0000000000000,3ff0000000000000,3000,3000,0020,0000,00003f80
FDIV,64,RD,1,43ff8000000000000000,40008000000000000000,43fe8000000000000000,43fdfffffffffffff800,7fefffffffffffff,4000000000000000,3000,3000,0028,0000,00003f80
FDIV,64,RD,2,3bcc8000000000000000,40008000000000000000,3bcb8000000000000000,00000000000000000000,0000000000000000,4000000000000000,3000,3000,0030,0000,00003f80
FDIV,64,RD,3,40028000000000000000,40008000000000000000,40018000000000000000,40018000000000000000,4020000000000000,4000000000000000,3000,3000,0000,0000,00003f80
FDIV,64,RU,0,3fff8000000000000001,3fff8000000000000000,3fff8000000000000001,3fff8000000000000800,3ff0000000000001,3ff0000000000000,3000,3000,0220,0000,00005f80
FDIV,64,RU,1,43ff8000000000000000,40008000000000000000,43fe8000000000000000,7fff8000000000000000,7ff0000000000000,4000000000000000,3000,3000,0228,0000,00005f80
FDIV,64,RU,2,3bcc8000000000000000,40008000000000000000,3bcb8000000000000000,3bcd8000000000000000,0000000000000001,4000000000000000,3000,3000,0230,0000,00005fb2
FDIV,64,RU,3,40028000000000000000,40008000000000000000,40018000000000000000,40018000000000000000,4020000000000000,4000000000000000,3000,3000,0000,0000,00005f80
FDIV,64,RZ,0,3fff8000000000000001,3fff8000000000000000,3fff8000000000000001,3fff8000000000000000,3ff0000000000000,3ff0000000000000,3000,3000,0020,0000,00007f80
FDIV,64,RZ,1,43ff8000000000000000,40008000000000000000,43fe8000000000000000,43fdfffffffffffff800,7fefffffffffffff,4000000000000000,3000,3000,0028,0000,00007f80
FDIV,64,RZ,2,3bcc8000000000000000,40008000000000000000,3bcb8000000000000000,00000000000000000000,0000000000000000,4000000000000000,3000,3000,0030,0000,00007f80
FDIV,64,RZ,3,40028000000000000000,40008000000000000000,40018000000000000000,40018000000000000000,4020000000000000,4000000000000000,3000,3000,0000,0000,00007f80
