operation,pc,rounding,class,total,random,edge
FXTRACT_complete_candidate,53,RN,ALL,1001937,1000000,1937
FXTRACT_complete_candidate,53,RN,VALUE_MISMATCH,0,0,0
FXTRACT_complete_candidate,53,RN,NATIVE_OPERATION_FLAGS_MISMATCH,692,528,164
FXTRACT_complete_candidate,53,RN,SOURCE_CONVERSION_EXCEPTION,0,0,0
FXTRACT_complete_candidate,53,RN,NAN_RESULT,670,506,164
FXTRACT_complete_candidate,53,RN,SIGNIFICAND_MISMATCH,0,0,0
FXTRACT_complete_candidate,53,RN,EXPONENT_MISMATCH,0,0,0
FXTRACT_complete_candidate,53,RN,EXPANSION_EXCEPTION,0,0,0
FXTRACT_complete_candidate,53,RN,LOADSTORE80_IDENTITY_CHANGED,0,0,0
FXTRACT_complete_candidate,53,RD,ALL,1001937,1000000,1937
FXTRACT_complete_candidate,53,RD,VALUE_MISMATCH,0,0,0
FXTRACT_complete_candidate,53,RD,NATIVE_OPERATION_FLAGS_MISMATCH,692,528,164
FXTRACT_complete_candidate,53,RD,SOURCE_CONVERSION_EXCEPTION,0,0,0
FXTRACT_complete_candidate,53,RD,NAN_RESULT,670,506,164
FXTRACT_complete_candidate,53,RD,SIGNIFICAND_MISMATCH,0,0,0
FXTRACT_complete_candidate,53,RD,EXPONENT_MISMATCH,0,0,0
FXTRACT_complete_candidate,53,RD,EXPANSION_EXCEPTION,0,0,0
FXTRACT_complete_candidate,53,RD,LOADSTORE80_IDENTITY_CHANGED,0,0,0
FXTRACT_complete_candidate,53,RU,ALL,1001937,1000000,1937
FXTRACT_complete_candidate,53,RU,VALUE_MISMATCH,0,0,0
FXTRACT_complete_candidate,53,RU,NATIVE_OPERATION_FLAGS_MISMATCH,692,528,164
FXTRACT_complete_candidate,53,RU,SOURCE_CONVERSION_EXCEPTION,0,0,0
FXTRACT_complete_candidate,53,RU,NAN_RESULT,670,506,164
FXTRACT_complete_candidate,53,RU,SIGNIFICAND_MISMATCH,0,0,0
FXTRACT_complete_candidate,53,RU,EXPONENT_MISMATCH,0,0,0
FXTRACT_complete_candidate,53,RU,EXPANSION_EXCEPTION,0,0,0
FXTRACT_complete_candidate,53,RU,LOADSTORE80_IDENTITY_CHANGED,0,0,0
FXTRACT_complete_candidate,53,RZ,ALL,1001937,1000000,1937
FXTRACT_complete_candidate,53,RZ,VALUE_MISMATCH,0,0,0
FXTRACT_complete_candidate,53,RZ,NATIVE_OPERATION_FLAGS_MISMATCH,692,528,164
FXTRACT_complete_candidate,53,RZ,SOURCE_CONVERSION_EXCEPTION,0,0,0
FXTRACT_complete_candidate,53,RZ,NAN_RESULT,670,506,164
FXTRACT_complete_candidate,53,RZ,SIGNIFICAND_MISMATCH,0,0,0
FXTRACT_complete_candidate,53,RZ,EXPONENT_MISMATCH,0,0,0
FXTRACT_complete_candidate,53,RZ,EXPANSION_EXCEPTION,0,0,0
FXTRACT_complete_candidate,53,RZ,LOADSTORE80_IDENTITY_CHANGED,0,0,0
FXTRACT_complete_candidate,24,RN,ALL,1001937,1000000,1937
FXTRACT_complete_candidate,24,RN,VALUE_MISMATCH,0,0,0
FXTRACT_complete_candidate,24,RN,NATIVE_OPERATION_FLAGS_MISMATCH,4180,3934,246
FXTRACT_complete_candidate,24,RN,SOURCE_CONVERSION_EXCEPTION,0,0,0
FXTRACT_complete_candidate,24,RN,NAN_RESULT,4095,3931,164
FXTRACT_complete_candidate,24,RN,SIGNIFICAND_MISMATCH,0,0,0
FXTRACT_complete_candidate,24,RN,EXPONENT_MISMATCH,0,0,0
FXTRACT_complete_candidate,24,RN,EXPANSION_EXCEPTION,0,0,0
FXTRACT_complete_candidate,24,RN,LOADSTORE80_IDENTITY_CHANGED,0,0,0
FXTRACT_complete_candidate,24,RD,ALL,1001937,1000000,1937
FXTRACT_complete_candidate,24,RD,VALUE_MISMATCH,0,0,0
FXTRACT_complete_candidate,24,RD,NATIVE_OPERATION_FLAGS_MISMATCH,4180,3934,246
FXTRACT_complete_candidate,24,RD,SOURCE_CONVERSION_EXCEPTION,0,0,0
FXTRACT_complete_candidate,24,RD,NAN_RESULT,4095,3931,164
FXTRACT_complete_candidate,24,RD,SIGNIFICAND_MISMATCH,0,0,0
FXTRACT_complete_candidate,24,RD,EXPONENT_MISMATCH,0,0,0
FXTRACT_complete_candidate,24,RD,EXPANSION_EXCEPTION,0,0,0
FXTRACT_complete_candidate,24,RD,LOADSTORE80_IDENTITY_CHANGED,0,0,0
FXTRACT_complete_candidate,24,RU,ALL,1001937,1000000,1937
FXTRACT_complete_candidate,24,RU,VALUE_MISMATCH,0,0,0
FXTRACT_complete_candidate,24,RU,NATIVE_OPERATION_FLAGS_MISMATCH,4180,3934,246
FXTRACT_complete_candidate,24,RU,SOURCE_CONVERSION_EXCEPTION,0,0,0
FXTRACT_complete_candidate,24,RU,NAN_RESULT,4095,3931,164
FXTRACT_complete_candidate,24,RU,SIGNIFICAND_MISMATCH,0,0,0
FXTRACT_complete_candidate,24,RU,EXPONENT_MISMATCH,0,0,0
FXTRACT_complete_candidate,24,RU,EXPANSION_EXCEPTION,0,0,0
FXTRACT_complete_candidate,24,RU,LOADSTORE80_IDENTITY_CHANGED,0,0,0
FXTRACT_complete_candidate,24,RZ,ALL,1001937,1000000,1937
FXTRACT_complete_candidate,24,RZ,VALUE_MISMATCH,0,0,0
FXTRACT_complete_candidate,24,RZ,NATIVE_OPERATION_FLAGS_MISMATCH,4180,3934,246
FXTRACT_complete_candidate,24,RZ,SOURCE_CONVERSION_EXCEPTION,0,0,0
FXTRACT_complete_candidate,24,RZ,NAN_RESULT,4095,3931,164
FXTRACT_complete_candidate,24,RZ,SIGNIFICAND_MISMATCH,0,0,0
FXTRACT_complete_candidate,24,RZ,EXPONENT_MISMATCH,0,0,0
FXTRACT_complete_candidate,24,RZ,EXPANSION_EXCEPTION,0,0,0
FXTRACT_complete_candidate,24,RZ,LOADSTORE80_IDENTITY_CHANGED,0,0,0
FXTRACT_complete_candidate,64,RN,ALL,1001937,1000000,1937
FXTRACT_complete_candidate,64,RN,VALUE_MISMATCH,0,0,0
FXTRACT_complete_candidate,64,RN,NATIVE_OPERATION_FLAGS_MISMATCH,692,528,164
FXTRACT_complete_candidate,64,RN,SOURCE_CONVERSION_EXCEPTION,0,0,0
FXTRACT_complete_candidate,64,RN,NAN_RESULT,670,506,164
FXTRACT_complete_candidate,64,RN,SIGNIFICAND_MISMATCH,0,0,0
FXTRACT_complete_candidate,64,RN,EXPONENT_MISMATCH,0,0,0
FXTRACT_complete_candidate,64,RN,EXPANSION_EXCEPTION,0,0,0
FXTRACT_complete_candidate,64,RN,LOADSTORE80_IDENTITY_CHANGED,0,0,0
FXTRACT_complete_candidate,64,RD,ALL,1001937,1000000,1937
FXTRACT_complete_candidate,64,RD,VALUE_MISMATCH,0,0,0
FXTRACT_complete_candidate,64,RD,NATIVE_OPERATION_FLAGS_MISMATCH,692,528,164
FXTRACT_complete_candidate,64,RD,SOURCE_CONVERSION_EXCEPTION,0,0,0
FXTRACT_complete_candidate,64,RD,NAN_RESULT,670,506,164
FXTRACT_complete_candidate,64,RD,SIGNIFICAND_MISMATCH,0,0,0
FXTRACT_complete_candidate,64,RD,EXPONENT_MISMATCH,0,0,0
FXTRACT_complete_candidate,64,RD,EXPANSION_EXCEPTION,0,0,0
FXTRACT_complete_candidate,64,RD,LOADSTORE80_IDENTITY_CHANGED,0,0,0
FXTRACT_complete_candidate,64,RU,ALL,1001937,1000000,1937
FXTRACT_complete_candidate,64,RU,VALUE_MISMATCH,0,0,0
FXTRACT_complete_candidate,64,RU,NATIVE_OPERATION_FLAGS_MISMATCH,692,528,164
FXTRACT_complete_candidate,64,RU,SOURCE_CONVERSION_EXCEPTION,0,0,0
FXTRACT_complete_candidate,64,RU,NAN_RESULT,670,506,164
FXTRACT_complete_candidate,64,RU,SIGNIFICAND_MISMATCH,0,0,0
FXTRACT_complete_candidate,64,RU,EXPONENT_MISMATCH,0,0,0
FXTRACT_complete_candidate,64,RU,EXPANSION_EXCEPTION,0,0,0
FXTRACT_complete_candidate,64,RU,LOADSTORE80_IDENTITY_CHANGED,0,0,0
FXTRACT_complete_candidate,64,RZ,ALL,1001937,1000000,1937
FXTRACT_complete_candidate,64,RZ,VALUE_MISMATCH,0,0,0
FXTRACT_complete_candidate,64,RZ,NATIVE_OPERATION_FLAGS_MISMATCH,692,528,164
FXTRACT_complete_candidate,64,RZ,SOURCE_CONVERSION_EXCEPTION,0,0,0
FXTRACT_complete_candidate,64,RZ,NAN_RESULT,670,506,164
FXTRACT_complete_candidate,64,RZ,SIGNIFICAND_MISMATCH,0,0,0
FXTRACT_complete_candidate,64,RZ,EXPONENT_MISMATCH,0,0,0
FXTRACT_complete_candidate,64,RZ,EXPANSION_EXCEPTION,0,0,0
FXTRACT_complete_candidate,64,RZ,LOADSTORE80_IDENTITY_CHANGED,0,0,0
FLD80_lossy_candidate,53,RN,ALL,1001937,1000000,1937
FLD80_lossy_candidate,53,RN,VALUE_MISMATCH,1001168,999968,1200
FLD80_lossy_candidate,53,RN,NATIVE_OPERATION_FLAGS_MISMATCH,0,0,0
FLD80_lossy_candidate,53,RN,SOURCE_CONVERSION_EXCEPTION,1001036,999956,1080
FLD80_lossy_candidate,53,RN,NAN_RESULT,506,26,480
FLD80_lossy_candidate,53,RN,SIGNIFICAND_MISMATCH,1001168,999968,1200
FLD80_lossy_candidate,53,RN,EXPONENT_MISMATCH,0,0,0
FLD80_lossy_candidate,53,RN,EXPANSION_EXCEPTION,1774,1654,120
FLD80_lossy_candidate,53,RN,LOADSTORE80_IDENTITY_CHANGED,0,0,0
FLD80_lossy_candidate,53,RD,ALL,1001937,1000000,1937
FLD80_lossy_candidate,53,RD,VALUE_MISMATCH,1001168,999968,1200
FLD80_lossy_candidate,53,RD,NATIVE_OPERATION_FLAGS_MISMATCH,0,0,0
FLD80_lossy_candidate,53,RD,SOURCE_CONVERSION_EXCEPTION,1001036,999956,1080
FLD80_lossy_candidate,53,RD,NAN_RESULT,506,26,480
FLD80_lossy_candidate,53,RD,SIGNIFICAND_MISMATCH,1001168,999968,1200
FLD80_lossy_candidate,53,RD,EXPONENT_MISMATCH,0,0,0
FLD80_lossy_candidate,53,RD,EXPANSION_EXCEPTION,235851,235731,120
FLD80_lossy_candidate,53,RD,LOADSTORE80_IDENTITY_CHANGED,0,0,0
FLD80_lossy_candidate,53,RU,ALL,1001937,1000000,1937
FLD80_lossy_candidate,53,RU,VALUE_MISMATCH,1001168,999968,1200
FLD80_lossy_candidate,53,RU,NATIVE_OPERATION_FLAGS_MISMATCH,0,0,0
FLD80_lossy_candidate,53,RU,SOURCE_CONVERSION_EXCEPTION,1001036,999956,1080
FLD80_lossy_candidate,53,RU,NAN_RESULT,506,26,480
FLD80_lossy_candidate,53,RU,SIGNIFICAND_MISMATCH,1001168,999968,1200
FLD80_lossy_candidate,53,RU,EXPONENT_MISMATCH,0,0,0
FLD80_lossy_candidate,53,RU,EXPANSION_EXCEPTION,235734,235134,600
FLD80_lossy_candidate,53,RU,LOADSTORE80_IDENTITY_CHANGED,0,0,0
FLD80_lossy_candidate,53,RZ,ALL,1001937,1000000,1937
FLD80_lossy_candidate,53,RZ,VALUE_MISMATCH,1001168,999968,1200
FLD80_lossy_candidate,53,RZ,NATIVE_OPERATION_FLAGS_MISMATCH,0,0,0
FLD80_lossy_candidate,53,RZ,SOURCE_CONVERSION_EXCEPTION,1001036,999956,1080
FLD80_lossy_candidate,53,RZ,NAN_RESULT,506,26,480
FLD80_lossy_candidate,53,RZ,SIGNIFICAND_MISMATCH,1001168,999968,1200
FLD80_lossy_candidate,53,RZ,EXPONENT_MISMATCH,0,0,0
FLD80_lossy_candidate,53,RZ,EXPANSION_EXCEPTION,1740,1620,120
FLD80_lossy_candidate,53,RZ,LOADSTORE80_IDENTITY_CHANGED,0,0,0
FLD80_lossy_candidate,24,RN,ALL,1001937,1000000,1937
FLD80_lossy_candidate,24,RN,VALUE_MISMATCH,1001320,1000000,1320
FLD80_lossy_candidate,24,RN,NATIVE_OPERATION_FLAGS_MISMATCH,0,0,0
FLD80_lossy_candidate,24,RN,SOURCE_CONVERSION_EXCEPTION,1001188,999988,1200
FLD80_lossy_candidate,24,RN,NAN_RESULT,506,26,480
FLD80_lossy_candidate,24,RN,SIGNIFICAND_MISMATCH,1001320,1000000,1320
FLD80_lossy_candidate,24,RN,EXPONENT_MISMATCH,0,0,0
FLD80_lossy_candidate,24,RN,EXPANSION_EXCEPTION,711,711,0
FLD80_lossy_candidate,24,RN,LOADSTORE80_IDENTITY_CHANGED,0,0,0
FLD80_lossy_candidate,24,RD,ALL,1001937,1000000,1937
FLD80_lossy_candidate,24,RD,VALUE_MISMATCH,1001320,1000000,1320
FLD80_lossy_candidate,24,RD,NATIVE_OPERATION_FLAGS_MISMATCH,0,0,0
FLD80_lossy_candidate,24,RD,SOURCE_CONVERSION_EXCEPTION,1001188,999988,1200
FLD80_lossy_candidate,24,RD,NAN_RESULT,506,26,480
FLD80_lossy_candidate,24,RD,SIGNIFICAND_MISMATCH,1001320,1000000,1320
FLD80_lossy_candidate,24,RD,EXPONENT_MISMATCH,0,0,0
FLD80_lossy_candidate,24,RD,EXPANSION_EXCEPTION,248879,248879,0
FLD80_lossy_candidate,24,RD,LOADSTORE80_IDENTITY_CHANGED,0,0,0
FLD80_lossy_candidate,24,RU,ALL,1001937,1000000,1937
FLD80_lossy_candidate,24,RU,VALUE_MISMATCH,1001320,1000000,1320
FLD80_lossy_candidate,24,RU,NATIVE_OPERATION_FLAGS_MISMATCH,0,0,0
FLD80_lossy_candidate,24,RU,SOURCE_CONVERSION_EXCEPTION,1001188,999988,1200
FLD80_lossy_candidate,24,RU,NAN_RESULT,506,26,480
FLD80_lossy_candidate,24,RU,SIGNIFICAND_MISMATCH,1001320,1000000,1320
FLD80_lossy_candidate,24,RU,EXPONENT_MISMATCH,0,0,0
FLD80_lossy_candidate,24,RU,EXPANSION_EXCEPTION,248755,248155,600
FLD80_lossy_candidate,24,RU,LOADSTORE80_IDENTITY_CHANGED,0,0,0
FLD80_lossy_candidate,24,RZ,ALL,1001937,1000000,1937
FLD80_lossy_candidate,24,RZ,VALUE_MISMATCH,1001320,1000000,1320
FLD80_lossy_candidate,24,RZ,NATIVE_OPERATION_FLAGS_MISMATCH,0,0,0
FLD80_lossy_candidate,24,RZ,SOURCE_CONVERSION_EXCEPTION,1001188,999988,1200
FLD80_lossy_candidate,24,RZ,NAN_RESULT,506,26,480
FLD80_lossy_candidate,24,RZ,SIGNIFICAND_MISMATCH,1001320,1000000,1320
FLD80_lossy_candidate,24,RZ,EXPONENT_MISMATCH,0,0,0
FLD80_lossy_candidate,24,RZ,EXPANSION_EXCEPTION,673,673,0
FLD80_lossy_candidate,24,RZ,LOADSTORE80_IDENTITY_CHANGED,0,0,0
FLD80_lossy_candidate,64,RN,ALL,1001937,1000000,1937
FLD80_lossy_candidate,64,RN,VALUE_MISMATCH,1001168,999968,1200
FLD80_lossy_candidate,64,RN,NATIVE_OPERATION_FLAGS_MISMATCH,0,0,0
FLD80_lossy_candidate,64,RN,SOURCE_CONVERSION_EXCEPTION,1001036,999956,1080
FLD80_lossy_candidate,64,RN,NAN_RESULT,506,26,480
FLD80_lossy_candidate,64,RN,SIGNIFICAND_MISMATCH,1001168,999968,1200
FLD80_lossy_candidate,64,RN,EXPONENT_MISMATCH,0,0,0
FLD80_lossy_candidate,64,RN,EXPANSION_EXCEPTION,1774,1654,120
FLD80_lossy_candidate,64,RN,LOADSTORE80_IDENTITY_CHANGED,0,0,0
FLD80_lossy_candidate,64,RD,ALL,1001937,1000000,1937
FLD80_lossy_candidate,64,RD,VALUE_MISMATCH,1001168,999968,1200
FLD80_lossy_candidate,64,RD,NATIVE_OPERATION_FLAGS_MISMATCH,0,0,0
FLD80_lossy_candidate,64,RD,SOURCE_CONVERSION_EXCEPTION,1001036,999956,1080
FLD80_lossy_candidate,64,RD,NAN_RESULT,506,26,480
FLD80_lossy_candidate,64,RD,SIGNIFICAND_MISMATCH,1001168,999968,1200
FLD80_lossy_candidate,64,RD,EXPONENT_MISMATCH,0,0,0
FLD80_lossy_candidate,64,RD,EXPANSION_EXCEPTION,235851,235731,120
FLD80_lossy_candidate,64,RD,LOADSTORE80_IDENTITY_CHANGED,0,0,0
FLD80_lossy_candidate,64,RU,ALL,1001937,1000000,1937
FLD80_lossy_candidate,64,RU,VALUE_MISMATCH,1001168,999968,1200
FLD80_lossy_candidate,64,RU,NATIVE_OPERATION_FLAGS_MISMATCH,0,0,0
FLD80_lossy_candidate,64,RU,SOURCE_CONVERSION_EXCEPTION,1001036,999956,1080
FLD80_lossy_candidate,64,RU,NAN_RESULT,506,26,480
FLD80_lossy_candidate,64,RU,SIGNIFICAND_MISMATCH,1001168,999968,1200
FLD80_lossy_candidate,64,RU,EXPONENT_MISMATCH,0,0,0
FLD80_lossy_candidate,64,RU,EXPANSION_EXCEPTION,235734,235134,600
FLD80_lossy_candidate,64,RU,LOADSTORE80_IDENTITY_CHANGED,0,0,0
FLD80_lossy_candidate,64,RZ,ALL,1001937,1000000,1937
FLD80_lossy_candidate,64,RZ,VALUE_MISMATCH,1001168,999968,1200
FLD80_lossy_candidate,64,RZ,NATIVE_OPERATION_FLAGS_MISMATCH,0,0,0
FLD80_lossy_candidate,64,RZ,SOURCE_CONVERSION_EXCEPTION,1001036,999956,1080
FLD80_lossy_candidate,64,RZ,NAN_RESULT,506,26,480
FLD80_lossy_candidate,64,RZ,SIGNIFICAND_MISMATCH,1001168,999968,1200
FLD80_lossy_candidate,64,RZ,EXPONENT_MISMATCH,0,0,0
FLD80_lossy_candidate,64,RZ,EXPANSION_EXCEPTION,1740,1620,120
FLD80_lossy_candidate,64,RZ,LOADSTORE80_IDENTITY_CHANGED,0,0,0
FSTP80_lossy_candidate,53,RN,ALL,1001937,1000000,1937
FSTP80_lossy_candidate,53,RN,VALUE_MISMATCH,1001168,999968,1200
FSTP80_lossy_candidate,53,RN,NATIVE_OPERATION_FLAGS_MISMATCH,0,0,0
FSTP80_lossy_candidate,53,RN,SOURCE_CONVERSION_EXCEPTION,1001036,999956,1080
FSTP80_lossy_candidate,53,RN,NAN_RESULT,506,26,480
FSTP80_lossy_candidate,53,RN,SIGNIFICAND_MISMATCH,1001168,999968,1200
FSTP80_lossy_candidate,53,RN,EXPONENT_MISMATCH,0,0,0
FSTP80_lossy_candidate,53,RN,EXPANSION_EXCEPTION,1774,1654,120
FSTP80_lossy_candidate,53,RN,LOADSTORE80_IDENTITY_CHANGED,0,0,0
FSTP80_lossy_candidate,53,RD,ALL,1001937,1000000,1937
FSTP80_lossy_candidate,53,RD,VALUE_MISMATCH,1001168,999968,1200
FSTP80_lossy_candidate,53,RD,NATIVE_OPERATION_FLAGS_MISMATCH,0,0,0
FSTP80_lossy_candidate,53,RD,SOURCE_CONVERSION_EXCEPTION,1001036,999956,1080
FSTP80_lossy_candidate,53,RD,NAN_RESULT,506,26,480
FSTP80_lossy_candidate,53,RD,SIGNIFICAND_MISMATCH,1001168,999968,1200
FSTP80_lossy_candidate,53,RD,EXPONENT_MISMATCH,0,0,0
FSTP80_lossy_candidate,53,RD,EXPANSION_EXCEPTION,235851,235731,120
FSTP80_lossy_candidate,53,RD,LOADSTORE80_IDENTITY_CHANGED,0,0,0
FSTP80_lossy_candidate,53,RU,ALL,1001937,1000000,1937
FSTP80_lossy_candidate,53,RU,VALUE_MISMATCH,1001168,999968,1200
FSTP80_lossy_candidate,53,RU,NATIVE_OPERATION_FLAGS_MISMATCH,0,0,0
FSTP80_lossy_candidate,53,RU,SOURCE_CONVERSION_EXCEPTION,1001036,999956,1080
FSTP80_lossy_candidate,53,RU,NAN_RESULT,506,26,480
FSTP80_lossy_candidate,53,RU,SIGNIFICAND_MISMATCH,1001168,999968,1200
FSTP80_lossy_candidate,53,RU,EXPONENT_MISMATCH,0,0,0
FSTP80_lossy_candidate,53,RU,EXPANSION_EXCEPTION,235734,235134,600
FSTP80_lossy_candidate,53,RU,LOADSTORE80_IDENTITY_CHANGED,0,0,0
FSTP80_lossy_candidate,53,RZ,ALL,1001937,1000000,1937
FSTP80_lossy_candidate,53,RZ,VALUE_MISMATCH,1001168,999968,1200
FSTP80_lossy_candidate,53,RZ,NATIVE_OPERATION_FLAGS_MISMATCH,0,0,0
FSTP80_lossy_candidate,53,RZ,SOURCE_CONVERSION_EXCEPTION,1001036,999956,1080
FSTP80_lossy_candidate,53,RZ,NAN_RESULT,506,26,480
FSTP80_lossy_candidate,53,RZ,SIGNIFICAND_MISMATCH,1001168,999968,1200
FSTP80_lossy_candidate,53,RZ,EXPONENT_MISMATCH,0,0,0
FSTP80_lossy_candidate,53,RZ,EXPANSION_EXCEPTION,1740,1620,120
FSTP80_lossy_candidate,53,RZ,LOADSTORE80_IDENTITY_CHANGED,0,0,0
FSTP80_lossy_candidate,24,RN,ALL,1001937,1000000,1937
FSTP80_lossy_candidate,24,RN,VALUE_MISMATCH,1001320,1000000,1320
FSTP80_lossy_candidate,24,RN,NATIVE_OPERATION_FLAGS_MISMATCH,0,0,0
FSTP80_lossy_candidate,24,RN,SOURCE_CONVERSION_EXCEPTION,1001188,999988,1200
FSTP80_lossy_candidate,24,RN,NAN_RESULT,506,26,480
FSTP80_lossy_candidate,24,RN,SIGNIFICAND_MISMATCH,1001320,1000000,1320
FSTP80_lossy_candidate,24,RN,EXPONENT_MISMATCH,0,0,0
FSTP80_lossy_candidate,24,RN,EXPANSION_EXCEPTION,711,711,0
FSTP80_lossy_candidate,24,RN,LOADSTORE80_IDENTITY_CHANGED,0,0,0
FSTP80_lossy_candidate,24,RD,ALL,1001937,1000000,1937
FSTP80_lossy_candidate,24,RD,VALUE_MISMATCH,1001320,1000000,1320
FSTP80_lossy_candidate,24,RD,NATIVE_OPERATION_FLAGS_MISMATCH,0,0,0
FSTP80_lossy_candidate,24,RD,SOURCE_CONVERSION_EXCEPTION,1001188,999988,1200
FSTP80_lossy_candidate,24,RD,NAN_RESULT,506,26,480
FSTP80_lossy_candidate,24,RD,SIGNIFICAND_MISMATCH,1001320,1000000,1320
FSTP80_lossy_candidate,24,RD,EXPONENT_MISMATCH,0,0,0
FSTP80_lossy_candidate,24,RD,EXPANSION_EXCEPTION,248879,248879,0
FSTP80_lossy_candidate,24,RD,LOADSTORE80_IDENTITY_CHANGED,0,0,0
FSTP80_lossy_candidate,24,RU,ALL,1001937,1000000,1937
FSTP80_lossy_candidate,24,RU,VALUE_MISMATCH,1001320,1000000,1320
FSTP80_lossy_candidate,24,RU,NATIVE_OPERATION_FLAGS_MISMATCH,0,0,0
FSTP80_lossy_candidate,24,RU,SOURCE_CONVERSION_EXCEPTION,1001188,999988,1200
FSTP80_lossy_candidate,24,RU,NAN_RESULT,506,26,480
FSTP80_lossy_candidate,24,RU,SIGNIFICAND_MISMATCH,1001320,1000000,1320
FSTP80_lossy_candidate,24,RU,EXPONENT_MISMATCH,0,0,0
FSTP80_lossy_candidate,24,RU,EXPANSION_EXCEPTION,248755,248155,600
FSTP80_lossy_candidate,24,RU,LOADSTORE80_IDENTITY_CHANGED,0,0,0
FSTP80_lossy_candidate,24,RZ,ALL,1001937,1000000,1937
FSTP80_lossy_candidate,24,RZ,VALUE_MISMATCH,1001320,1000000,1320
FSTP80_lossy_candidate,24,RZ,NATIVE_OPERATION_FLAGS_MISMATCH,0,0,0
FSTP80_lossy_candidate,24,RZ,SOURCE_CONVERSION_EXCEPTION,1001188,999988,1200
FSTP80_lossy_candidate,24,RZ,NAN_RESULT,506,26,480
FSTP80_lossy_candidate,24,RZ,SIGNIFICAND_MISMATCH,1001320,1000000,1320
FSTP80_lossy_candidate,24,RZ,EXPONENT_MISMATCH,0,0,0
FSTP80_lossy_candidate,24,RZ,EXPANSION_EXCEPTION,673,673,0
FSTP80_lossy_candidate,24,RZ,LOADSTORE80_IDENTITY_CHANGED,0,0,0
FSTP80_lossy_candidate,64,RN,ALL,1001937,1000000,1937
FSTP80_lossy_candidate,64,RN,VALUE_MISMATCH,1001168,999968,1200
FSTP80_lossy_candidate,64,RN,NATIVE_OPERATION_FLAGS_MISMATCH,0,0,0
FSTP80_lossy_candidate,64,RN,SOURCE_CONVERSION_EXCEPTION,1001036,999956,1080
FSTP80_lossy_candidate,64,RN,NAN_RESULT,506,26,480
FSTP80_lossy_candidate,64,RN,SIGNIFICAND_MISMATCH,1001168,999968,1200
FSTP80_lossy_candidate,64,RN,EXPONENT_MISMATCH,0,0,0
FSTP80_lossy_candidate,64,RN,EXPANSION_EXCEPTION,1774,1654,120
FSTP80_lossy_candidate,64,RN,LOADSTORE80_IDENTITY_CHANGED,0,0,0
FSTP80_lossy_candidate,64,RD,ALL,1001937,1000000,1937
FSTP80_lossy_candidate,64,RD,VALUE_MISMATCH,1001168,999968,1200
FSTP80_lossy_candidate,64,RD,NATIVE_OPERATION_FLAGS_MISMATCH,0,0,0
FSTP80_lossy_candidate,64,RD,SOURCE_CONVERSION_EXCEPTION,1001036,999956,1080
FSTP80_lossy_candidate,64,RD,NAN_RESULT,506,26,480
FSTP80_lossy_candidate,64,RD,SIGNIFICAND_MISMATCH,1001168,999968,1200
FSTP80_lossy_candidate,64,RD,EXPONENT_MISMATCH,0,0,0
FSTP80_lossy_candidate,64,RD,EXPANSION_EXCEPTION,235851,235731,120
FSTP80_lossy_candidate,64,RD,LOADSTORE80_IDENTITY_CHANGED,0,0,0
FSTP80_lossy_candidate,64,RU,ALL,1001937,1000000,1937
FSTP80_lossy_candidate,64,RU,VALUE_MISMATCH,1001168,999968,1200
FSTP80_lossy_candidate,64,RU,NATIVE_OPERATION_FLAGS_MISMATCH,0,0,0
FSTP80_lossy_candidate,64,RU,SOURCE_CONVERSION_EXCEPTION,1001036,999956,1080
FSTP80_lossy_candidate,64,RU,NAN_RESULT,506,26,480
FSTP80_lossy_candidate,64,RU,SIGNIFICAND_MISMATCH,1001168,999968,1200
FSTP80_lossy_candidate,64,RU,EXPONENT_MISMATCH,0,0,0
FSTP80_lossy_candidate,64,RU,EXPANSION_EXCEPTION,235734,235134,600
FSTP80_lossy_candidate,64,RU,LOADSTORE80_IDENTITY_CHANGED,0,0,0
FSTP80_lossy_candidate,64,RZ,ALL,1001937,1000000,1937
FSTP80_lossy_candidate,64,RZ,VALUE_MISMATCH,1001168,999968,1200
FSTP80_lossy_candidate,64,RZ,NATIVE_OPERATION_FLAGS_MISMATCH,0,0,0
FSTP80_lossy_candidate,64,RZ,SOURCE_CONVERSION_EXCEPTION,1001036,999956,1080
FSTP80_lossy_candidate,64,RZ,NAN_RESULT,506,26,480
FSTP80_lossy_candidate,64,RZ,SIGNIFICAND_MISMATCH,1001168,999968,1200
FSTP80_lossy_candidate,64,RZ,EXPONENT_MISMATCH,0,0,0
FSTP80_lossy_candidate,64,RZ,EXPANSION_EXCEPTION,1740,1620,120
FSTP80_lossy_candidate,64,RZ,LOADSTORE80_IDENTITY_CHANGED,0,0,0
FRNDINT_SSE2_complete_candidate,53,RN,ALL,1001937,1000000,1937
FRNDINT_SSE2_complete_candidate,53,RN,VALUE_MISMATCH,0,0,0
FRNDINT_SSE2_complete_candidate,53,RN,NATIVE_OPERATION_FLAGS_MISMATCH,692,528,164
FRNDINT_SSE2_complete_candidate,53,RN,SOURCE_CONVERSION_EXCEPTION,0,0,0
FRNDINT_SSE2_complete_candidate,53,RN,NAN_RESULT,670,506,164
FRNDINT_SSE2_complete_candidate,53,RN,SIGNIFICAND_MISMATCH,0,0,0
FRNDINT_SSE2_complete_candidate,53,RN,EXPONENT_MISMATCH,0,0,0
FRNDINT_SSE2_complete_candidate,53,RN,EXPANSION_EXCEPTION,0,0,0
FRNDINT_SSE2_complete_candidate,53,RN,LOADSTORE80_IDENTITY_CHANGED,0,0,0
FRNDINT_SSE2_complete_candidate,53,RD,ALL,1001937,1000000,1937
FRNDINT_SSE2_complete_candidate,53,RD,VALUE_MISMATCH,0,0,0
FRNDINT_SSE2_complete_candidate,53,RD,NATIVE_OPERATION_FLAGS_MISMATCH,692,528,164
FRNDINT_SSE2_complete_candidate,53,RD,SOURCE_CONVERSION_EXCEPTION,0,0,0
FRNDINT_SSE2_complete_candidate,53,RD,NAN_RESULT,670,506,164
FRNDINT_SSE2_complete_candidate,53,RD,SIGNIFICAND_MISMATCH,0,0,0
FRNDINT_SSE2_complete_candidate,53,RD,EXPONENT_MISMATCH,0,0,0
FRNDINT_SSE2_complete_candidate,53,RD,EXPANSION_EXCEPTION,0,0,0
FRNDINT_SSE2_complete_candidate,53,RD,LOADSTORE80_IDENTITY_CHANGED,0,0,0
FRNDINT_SSE2_complete_candidate,53,RU,ALL,1001937,1000000,1937
FRNDINT_SSE2_complete_candidate,53,RU,VALUE_MISMATCH,0,0,0
FRNDINT_SSE2_complete_candidate,53,RU,NATIVE_OPERATION_FLAGS_MISMATCH,692,528,164
FRNDINT_SSE2_complete_candidate,53,RU,SOURCE_CONVERSION_EXCEPTION,0,0,0
FRNDINT_SSE2_complete_candidate,53,RU,NAN_RESULT,670,506,164
FRNDINT_SSE2_complete_candidate,53,RU,SIGNIFICAND_MISMATCH,0,0,0
FRNDINT_SSE2_complete_candidate,53,RU,EXPONENT_MISMATCH,0,0,0
FRNDINT_SSE2_complete_candidate,53,RU,EXPANSION_EXCEPTION,0,0,0
FRNDINT_SSE2_complete_candidate,53,RU,LOADSTORE80_IDENTITY_CHANGED,0,0,0
FRNDINT_SSE2_complete_candidate,53,RZ,ALL,1001937,1000000,1937
FRNDINT_SSE2_complete_candidate,53,RZ,VALUE_MISMATCH,0,0,0
FRNDINT_SSE2_complete_candidate,53,RZ,NATIVE_OPERATION_FLAGS_MISMATCH,692,528,164
FRNDINT_SSE2_complete_candidate,53,RZ,SOURCE_CONVERSION_EXCEPTION,0,0,0
FRNDINT_SSE2_complete_candidate,53,RZ,NAN_RESULT,670,506,164
FRNDINT_SSE2_complete_candidate,53,RZ,SIGNIFICAND_MISMATCH,0,0,0
FRNDINT_SSE2_complete_candidate,53,RZ,EXPONENT_MISMATCH,0,0,0
FRNDINT_SSE2_complete_candidate,53,RZ,EXPANSION_EXCEPTION,0,0,0
FRNDINT_SSE2_complete_candidate,53,RZ,LOADSTORE80_IDENTITY_CHANGED,0,0,0
FRNDINT_SSE2_complete_candidate,24,RN,ALL,1001937,1000000,1937
FRNDINT_SSE2_complete_candidate,24,RN,VALUE_MISMATCH,0,0,0
FRNDINT_SSE2_complete_candidate,24,RN,NATIVE_OPERATION_FLAGS_MISMATCH,4180,3934,246
FRNDINT_SSE2_complete_candidate,24,RN,SOURCE_CONVERSION_EXCEPTION,0,0,0
FRNDINT_SSE2_complete_candidate,24,RN,NAN_RESULT,4095,3931,164
FRNDINT_SSE2_complete_candidate,24,RN,SIGNIFICAND_MISMATCH,0,0,0
FRNDINT_SSE2_complete_candidate,24,RN,EXPONENT_MISMATCH,0,0,0
FRNDINT_SSE2_complete_candidate,24,RN,EXPANSION_EXCEPTION,0,0,0
FRNDINT_SSE2_complete_candidate,24,RN,LOADSTORE80_IDENTITY_CHANGED,0,0,0
FRNDINT_SSE2_complete_candidate,24,RD,ALL,1001937,1000000,1937
FRNDINT_SSE2_complete_candidate,24,RD,VALUE_MISMATCH,0,0,0
FRNDINT_SSE2_complete_candidate,24,RD,NATIVE_OPERATION_FLAGS_MISMATCH,4180,3934,246
FRNDINT_SSE2_complete_candidate,24,RD,SOURCE_CONVERSION_EXCEPTION,0,0,0
FRNDINT_SSE2_complete_candidate,24,RD,NAN_RESULT,4095,3931,164
FRNDINT_SSE2_complete_candidate,24,RD,SIGNIFICAND_MISMATCH,0,0,0
FRNDINT_SSE2_complete_candidate,24,RD,EXPONENT_MISMATCH,0,0,0
FRNDINT_SSE2_complete_candidate,24,RD,EXPANSION_EXCEPTION,0,0,0
FRNDINT_SSE2_complete_candidate,24,RD,LOADSTORE80_IDENTITY_CHANGED,0,0,0
FRNDINT_SSE2_complete_candidate,24,RU,ALL,1001937,1000000,1937
FRNDINT_SSE2_complete_candidate,24,RU,VALUE_MISMATCH,0,0,0
FRNDINT_SSE2_complete_candidate,24,RU,NATIVE_OPERATION_FLAGS_MISMATCH,4180,3934,246
FRNDINT_SSE2_complete_candidate,24,RU,SOURCE_CONVERSION_EXCEPTION,0,0,0
FRNDINT_SSE2_complete_candidate,24,RU,NAN_RESULT,4095,3931,164
FRNDINT_SSE2_complete_candidate,24,RU,SIGNIFICAND_MISMATCH,0,0,0
FRNDINT_SSE2_complete_candidate,24,RU,EXPONENT_MISMATCH,0,0,0
FRNDINT_SSE2_complete_candidate,24,RU,EXPANSION_EXCEPTION,0,0,0
FRNDINT_SSE2_complete_candidate,24,RU,LOADSTORE80_IDENTITY_CHANGED,0,0,0
FRNDINT_SSE2_complete_candidate,24,RZ,ALL,1001937,1000000,1937
FRNDINT_SSE2_complete_candidate,24,RZ,VALUE_MISMATCH,0,0,0
FRNDINT_SSE2_complete_candidate,24,RZ,NATIVE_OPERATION_FLAGS_MISMATCH,4180,3934,246
FRNDINT_SSE2_complete_candidate,24,RZ,SOURCE_CONVERSION_EXCEPTION,0,0,0
FRNDINT_SSE2_complete_candidate,24,RZ,NAN_RESULT,4095,3931,164
FRNDINT_SSE2_complete_candidate,24,RZ,SIGNIFICAND_MISMATCH,0,0,0
FRNDINT_SSE2_complete_candidate,24,RZ,EXPONENT_MISMATCH,0,0,0
FRNDINT_SSE2_complete_candidate,24,RZ,EXPANSION_EXCEPTION,0,0,0
FRNDINT_SSE2_complete_candidate,24,RZ,LOADSTORE80_IDENTITY_CHANGED,0,0,0
FRNDINT_SSE2_complete_candidate,64,RN,ALL,1001937,1000000,1937
FRNDINT_SSE2_complete_candidate,64,RN,VALUE_MISMATCH,0,0,0
FRNDINT_SSE2_complete_candidate,64,RN,NATIVE_OPERATION_FLAGS_MISMATCH,692,528,164
FRNDINT_SSE2_complete_candidate,64,RN,SOURCE_CONVERSION_EXCEPTION,0,0,0
FRNDINT_SSE2_complete_candidate,64,RN,NAN_RESULT,670,506,164
FRNDINT_SSE2_complete_candidate,64,RN,SIGNIFICAND_MISMATCH,0,0,0
FRNDINT_SSE2_complete_candidate,64,RN,EXPONENT_MISMATCH,0,0,0
FRNDINT_SSE2_complete_candidate,64,RN,EXPANSION_EXCEPTION,0,0,0
FRNDINT_SSE2_complete_candidate,64,RN,LOADSTORE80_IDENTITY_CHANGED,0,0,0
FRNDINT_SSE2_complete_candidate,64,RD,ALL,1001937,1000000,1937
FRNDINT_SSE2_complete_candidate,64,RD,VALUE_MISMATCH,0,0,0
FRNDINT_SSE2_complete_candidate,64,RD,NATIVE_OPERATION_FLAGS_MISMATCH,692,528,164
FRNDINT_SSE2_complete_candidate,64,RD,SOURCE_CONVERSION_EXCEPTION,0,0,0
FRNDINT_SSE2_complete_candidate,64,RD,NAN_RESULT,670,506,164
FRNDINT_SSE2_complete_candidate,64,RD,SIGNIFICAND_MISMATCH,0,0,0
FRNDINT_SSE2_complete_candidate,64,RD,EXPONENT_MISMATCH,0,0,0
FRNDINT_SSE2_complete_candidate,64,RD,EXPANSION_EXCEPTION,0,0,0
FRNDINT_SSE2_complete_candidate,64,RD,LOADSTORE80_IDENTITY_CHANGED,0,0,0
FRNDINT_SSE2_complete_candidate,64,RU,ALL,1001937,1000000,1937
FRNDINT_SSE2_complete_candidate,64,RU,VALUE_MISMATCH,0,0,0
FRNDINT_SSE2_complete_candidate,64,RU,NATIVE_OPERATION_FLAGS_MISMATCH,692,528,164
FRNDINT_SSE2_complete_candidate,64,RU,SOURCE_CONVERSION_EXCEPTION,0,0,0
FRNDINT_SSE2_complete_candidate,64,RU,NAN_RESULT,670,506,164
FRNDINT_SSE2_complete_candidate,64,RU,SIGNIFICAND_MISMATCH,0,0,0
FRNDINT_SSE2_complete_candidate,64,RU,EXPONENT_MISMATCH,0,0,0
FRNDINT_SSE2_complete_candidate,64,RU,EXPANSION_EXCEPTION,0,0,0
FRNDINT_SSE2_complete_candidate,64,RU,LOADSTORE80_IDENTITY_CHANGED,0,0,0
FRNDINT_SSE2_complete_candidate,64,RZ,ALL,1001937,1000000,1937
FRNDINT_SSE2_complete_candidate,64,RZ,VALUE_MISMATCH,0,0,0
FRNDINT_SSE2_complete_candidate,64,RZ,NATIVE_OPERATION_FLAGS_MISMATCH,692,528,164
FRNDINT_SSE2_complete_candidate,64,RZ,SOURCE_CONVERSION_EXCEPTION,0,0,0
FRNDINT_SSE2_complete_candidate,64,RZ,NAN_RESULT,670,506,164
FRNDINT_SSE2_complete_candidate,64,RZ,SIGNIFICAND_MISMATCH,0,0,0
FRNDINT_SSE2_complete_candidate,64,RZ,EXPONENT_MISMATCH,0,0,0
FRNDINT_SSE2_complete_candidate,64,RZ,EXPANSION_EXCEPTION,0,0,0
FRNDINT_SSE2_complete_candidate,64,RZ,LOADSTORE80_IDENTITY_CHANGED,0,0,0
