name	encoding_width	element_bytes	index_bytes	scale	rows	scalar_checked	faults
vgatherdps	128	4	4	1	99	99	36
vgatherdps	128	4	4	2	99	99	36
vgatherdps	128	4	4	4	99	99	36
vgatherdps	128	4	4	8	99	99	36
vgatherdps	256	4	4	1	99	99	36
vgatherdps	256	4	4	2	99	99	36
vgatherdps	256	4	4	4	99	99	36
vgatherdps	256	4	4	8	99	99	36
vgatherqps	128	4	8	1	99	99	36
vgatherqps	128	4	8	2	99	99	36
vgatherqps	128	4	8	4	99	99	36
vgatherqps	128	4	8	8	99	99	36
vgatherqps	256	4	8	1	99	99	36
vgatherqps	256	4	8	2	99	99	36
vgatherqps	256	4	8	4	99	99	36
vgatherqps	256	4	8	8	99	99	36
vgatherdpd	128	8	4	1	99	99	36
vgatherdpd	128	8	4	2	99	99	36
vgatherdpd	128	8	4	4	99	99	36
vgatherdpd	128	8	4	8	99	99	36
vgatherdpd	256	8	4	1	99	99	36
vgatherdpd	256	8	4	2	99	99	36
vgatherdpd	256	8	4	4	99	99	36
vgatherdpd	256	8	4	8	99	99	36
vgatherqpd	128	8	8	1	99	99	36
vgatherqpd	128	8	8	2	99	99	36
vgatherqpd	128	8	8	4	99	99	36
vgatherqpd	128	8	8	8	99	99	36
vgatherqpd	256	8	8	1	99	99	36
vgatherqpd	256	8	8	2	99	99	36
vgatherqpd	256	8	8	4	99	99	36
vgatherqpd	256	8	8	8	99	99	36
vpgatherdd	128	4	4	1	99	99	36
vpgatherdd	128	4	4	2	99	99	36
vpgatherdd	128	4	4	4	99	99	36
vpgatherdd	128	4	4	8	99	99	36
vpgatherdd	256	4	4	1	99	99	36
vpgatherdd	256	4	4	2	99	99	36
vpgatherdd	256	4	4	4	99	99	36
vpgatherdd	256	4	4	8	99	99	36
vpgatherqd	128	4	8	1	99	99	36
vpgatherqd	128	4	8	2	99	99	36
vpgatherqd	128	4	8	4	99	99	36
vpgatherqd	128	4	8	8	99	99	36
vpgatherqd	256	4	8	1	99	99	36
vpgatherqd	256	4	8	2	99	99	36
vpgatherqd	256	4	8	4	99	99	36
vpgatherqd	256	4	8	8	99	99	36
vpgatherdq	128	8	4	1	99	99	36
vpgatherdq	128	8	4	2	99	99	36
vpgatherdq	128	8	4	4	99	99	36
vpgatherdq	128	8	4	8	99	99	36
vpgatherdq	256	8	4	1	99	99	36
vpgatherdq	256	8	4	2	99	99	36
vpgatherdq	256	8	4	4	99	99	36
vpgatherdq	256	8	4	8	99	99	36
vpgatherqq	128	8	8	1	99	99	36
vpgatherqq	128	8	8	2	99	99	36
vpgatherqq	128	8	8	4	99	99	36
vpgatherqq	128	8	8	8	99	99	36
vpgatherqq	256	8	8	1	99	99	36
vpgatherqq	256	8	8	2	99	99	36
vpgatherqq	256	8	8	4	99	99	36
vpgatherqq	256	8	8	8	99	99	36
