symbol	instruction	bytes	disassembly
gather_0	vgatherdps xmm0, [rsi+xmm1*1], xmm2	c4 e2 69 92 04 0e	vgatherdps xmm0,DWORD PTR [rsi+xmm1*1],xmm2
gather_1	vgatherdps xmm0, [rsi+xmm1*2], xmm2	c4 e2 69 92 04 4e	vgatherdps xmm0,DWORD PTR [rsi+xmm1*2],xmm2
gather_2	vgatherdps xmm0, [rsi+xmm1*4], xmm2	c4 e2 69 92 04 8e	vgatherdps xmm0,DWORD PTR [rsi+xmm1*4],xmm2
gather_3	vgatherdps xmm0, [rsi+xmm1*8], xmm2	c4 e2 69 92 04 ce	vgatherdps xmm0,DWORD PTR [rsi+xmm1*8],xmm2
gather_4	vgatherdps ymm0, [rsi+ymm1*1], ymm2	c4 e2 6d 92 04 0e	vgatherdps ymm0,DWORD PTR [rsi+ymm1*1],ymm2
gather_5	vgatherdps ymm0, [rsi+ymm1*2], ymm2	c4 e2 6d 92 04 4e	vgatherdps ymm0,DWORD PTR [rsi+ymm1*2],ymm2
gather_6	vgatherdps ymm0, [rsi+ymm1*4], ymm2	c4 e2 6d 92 04 8e	vgatherdps ymm0,DWORD PTR [rsi+ymm1*4],ymm2
gather_7	vgatherdps ymm0, [rsi+ymm1*8], ymm2	c4 e2 6d 92 04 ce	vgatherdps ymm0,DWORD PTR [rsi+ymm1*8],ymm2
gather_8	vgatherqps xmm0, [rsi+xmm1*1], xmm2	c4 e2 69 93 04 0e	vgatherqps xmm0,DWORD PTR [rsi+xmm1*1],xmm2
gather_9	vgatherqps xmm0, [rsi+xmm1*2], xmm2	c4 e2 69 93 04 4e	vgatherqps xmm0,DWORD PTR [rsi+xmm1*2],xmm2
gather_10	vgatherqps xmm0, [rsi+xmm1*4], xmm2	c4 e2 69 93 04 8e	vgatherqps xmm0,DWORD PTR [rsi+xmm1*4],xmm2
gather_11	vgatherqps xmm0, [rsi+xmm1*8], xmm2	c4 e2 69 93 04 ce	vgatherqps xmm0,DWORD PTR [rsi+xmm1*8],xmm2
gather_12	vgatherqps xmm0, [rsi+ymm1*1], xmm2	c4 e2 6d 93 04 0e	vgatherqps xmm0,DWORD PTR [rsi+ymm1*1],xmm2
gather_13	vgatherqps xmm0, [rsi+ymm1*2], xmm2	c4 e2 6d 93 04 4e	vgatherqps xmm0,DWORD PTR [rsi+ymm1*2],xmm2
gather_14	vgatherqps xmm0, [rsi+ymm1*4], xmm2	c4 e2 6d 93 04 8e	vgatherqps xmm0,DWORD PTR [rsi+ymm1*4],xmm2
gather_15	vgatherqps xmm0, [rsi+ymm1*8], xmm2	c4 e2 6d 93 04 ce	vgatherqps xmm0,DWORD PTR [rsi+ymm1*8],xmm2
gather_16	vgatherdpd xmm0, [rsi+xmm1*1], xmm2	c4 e2 e9 92 04 0e	vgatherdpd xmm0,QWORD PTR [rsi+xmm1*1],xmm2
gather_17	vgatherdpd xmm0, [rsi+xmm1*2], xmm2	c4 e2 e9 92 04 4e	vgatherdpd xmm0,QWORD PTR [rsi+xmm1*2],xmm2
gather_18	vgatherdpd xmm0, [rsi+xmm1*4], xmm2	c4 e2 e9 92 04 8e	vgatherdpd xmm0,QWORD PTR [rsi+xmm1*4],xmm2
gather_19	vgatherdpd xmm0, [rsi+xmm1*8], xmm2	c4 e2 e9 92 04 ce	vgatherdpd xmm0,QWORD PTR [rsi+xmm1*8],xmm2
gather_20	vgatherdpd ymm0, [rsi+xmm1*1], ymm2	c4 e2 ed 92 04 0e	vgatherdpd ymm0,QWORD PTR [rsi+xmm1*1],ymm2
gather_21	vgatherdpd ymm0, [rsi+xmm1*2], ymm2	c4 e2 ed 92 04 4e	vgatherdpd ymm0,QWORD PTR [rsi+xmm1*2],ymm2
gather_22	vgatherdpd ymm0, [rsi+xmm1*4], ymm2	c4 e2 ed 92 04 8e	vgatherdpd ymm0,QWORD PTR [rsi+xmm1*4],ymm2
gather_23	vgatherdpd ymm0, [rsi+xmm1*8], ymm2	c4 e2 ed 92 04 ce	vgatherdpd ymm0,QWORD PTR [rsi+xmm1*8],ymm2
gather_24	vgatherqpd xmm0, [rsi+xmm1*1], xmm2	c4 e2 e9 93 04 0e	vgatherqpd xmm0,QWORD PTR [rsi+xmm1*1],xmm2
gather_25	vgatherqpd xmm0, [rsi+xmm1*2], xmm2	c4 e2 e9 93 04 4e	vgatherqpd xmm0,QWORD PTR [rsi+xmm1*2],xmm2
gather_26	vgatherqpd xmm0, [rsi+xmm1*4], xmm2	c4 e2 e9 93 04 8e	vgatherqpd xmm0,QWORD PTR [rsi+xmm1*4],xmm2
gather_27	vgatherqpd xmm0, [rsi+xmm1*8], xmm2	c4 e2 e9 93 04 ce	vgatherqpd xmm0,QWORD PTR [rsi+xmm1*8],xmm2
gather_28	vgatherqpd ymm0, [rsi+ymm1*1], ymm2	c4 e2 ed 93 04 0e	vgatherqpd ymm0,QWORD PTR [rsi+ymm1*1],ymm2
gather_29	vgatherqpd ymm0, [rsi+ymm1*2], ymm2	c4 e2 ed 93 04 4e	vgatherqpd ymm0,QWORD PTR [rsi+ymm1*2],ymm2
gather_30	vgatherqpd ymm0, [rsi+ymm1*4], ymm2	c4 e2 ed 93 04 8e	vgatherqpd ymm0,QWORD PTR [rsi+ymm1*4],ymm2
gather_31	vgatherqpd ymm0, [rsi+ymm1*8], ymm2	c4 e2 ed 93 04 ce	vgatherqpd ymm0,QWORD PTR [rsi+ymm1*8],ymm2
gather_32	vpgatherdd xmm0, [rsi+xmm1*1], xmm2	c4 e2 69 90 04 0e	vpgatherdd xmm0,DWORD PTR [rsi+xmm1*1],xmm2
gather_33	vpgatherdd xmm0, [rsi+xmm1*2], xmm2	c4 e2 69 90 04 4e	vpgatherdd xmm0,DWORD PTR [rsi+xmm1*2],xmm2
gather_34	vpgatherdd xmm0, [rsi+xmm1*4], xmm2	c4 e2 69 90 04 8e	vpgatherdd xmm0,DWORD PTR [rsi+xmm1*4],xmm2
gather_35	vpgatherdd xmm0, [rsi+xmm1*8], xmm2	c4 e2 69 90 04 ce	vpgatherdd xmm0,DWORD PTR [rsi+xmm1*8],xmm2
gather_36	vpgatherdd ymm0, [rsi+ymm1*1], ymm2	c4 e2 6d 90 04 0e	vpgatherdd ymm0,DWORD PTR [rsi+ymm1*1],ymm2
gather_37	vpgatherdd ymm0, [rsi+ymm1*2], ymm2	c4 e2 6d 90 04 4e	vpgatherdd ymm0,DWORD PTR [rsi+ymm1*2],ymm2
gather_38	vpgatherdd ymm0, [rsi+ymm1*4], ymm2	c4 e2 6d 90 04 8e	vpgatherdd ymm0,DWORD PTR [rsi+ymm1*4],ymm2
gather_39	vpgatherdd ymm0, [rsi+ymm1*8], ymm2	c4 e2 6d 90 04 ce	vpgatherdd ymm0,DWORD PTR [rsi+ymm1*8],ymm2
gather_40	vpgatherqd xmm0, [rsi+xmm1*1], xmm2	c4 e2 69 91 04 0e	vpgatherqd xmm0,DWORD PTR [rsi+xmm1*1],xmm2
gather_41	vpgatherqd xmm0, [rsi+xmm1*2], xmm2	c4 e2 69 91 04 4e	vpgatherqd xmm0,DWORD PTR [rsi+xmm1*2],xmm2
gather_42	vpgatherqd xmm0, [rsi+xmm1*4], xmm2	c4 e2 69 91 04 8e	vpgatherqd xmm0,DWORD PTR [rsi+xmm1*4],xmm2
gather_43	vpgatherqd xmm0, [rsi+xmm1*8], xmm2	c4 e2 69 91 04 ce	vpgatherqd xmm0,DWORD PTR [rsi+xmm1*8],xmm2
gather_44	vpgatherqd xmm0, [rsi+ymm1*1], xmm2	c4 e2 6d 91 04 0e	vpgatherqd xmm0,DWORD PTR [rsi+ymm1*1],xmm2
gather_45	vpgatherqd xmm0, [rsi+ymm1*2], xmm2	c4 e2 6d 91 04 4e	vpgatherqd xmm0,DWORD PTR [rsi+ymm1*2],xmm2
gather_46	vpgatherqd xmm0, [rsi+ymm1*4], xmm2	c4 e2 6d 91 04 8e	vpgatherqd xmm0,DWORD PTR [rsi+ymm1*4],xmm2
gather_47	vpgatherqd xmm0, [rsi+ymm1*8], xmm2	c4 e2 6d 91 04 ce	vpgatherqd xmm0,DWORD PTR [rsi+ymm1*8],xmm2
gather_48	vpgatherdq xmm0, [rsi+xmm1*1], xmm2	c4 e2 e9 90 04 0e	vpgatherdq xmm0,QWORD PTR [rsi+xmm1*1],xmm2
gather_49	vpgatherdq xmm0, [rsi+xmm1*2], xmm2	c4 e2 e9 90 04 4e	vpgatherdq xmm0,QWORD PTR [rsi+xmm1*2],xmm2
gather_50	vpgatherdq xmm0, [rsi+xmm1*4], xmm2	c4 e2 e9 90 04 8e	vpgatherdq xmm0,QWORD PTR [rsi+xmm1*4],xmm2
gather_51	vpgatherdq xmm0, [rsi+xmm1*8], xmm2	c4 e2 e9 90 04 ce	vpgatherdq xmm0,QWORD PTR [rsi+xmm1*8],xmm2
gather_52	vpgatherdq ymm0, [rsi+xmm1*1], ymm2	c4 e2 ed 90 04 0e	vpgatherdq ymm0,QWORD PTR [rsi+xmm1*1],ymm2
gather_53	vpgatherdq ymm0, [rsi+xmm1*2], ymm2	c4 e2 ed 90 04 4e	vpgatherdq ymm0,QWORD PTR [rsi+xmm1*2],ymm2
gather_54	vpgatherdq ymm0, [rsi+xmm1*4], ymm2	c4 e2 ed 90 04 8e	vpgatherdq ymm0,QWORD PTR [rsi+xmm1*4],ymm2
gather_55	vpgatherdq ymm0, [rsi+xmm1*8], ymm2	c4 e2 ed 90 04 ce	vpgatherdq ymm0,QWORD PTR [rsi+xmm1*8],ymm2
gather_56	vpgatherqq xmm0, [rsi+xmm1*1], xmm2	c4 e2 e9 91 04 0e	vpgatherqq xmm0,QWORD PTR [rsi+xmm1*1],xmm2
gather_57	vpgatherqq xmm0, [rsi+xmm1*2], xmm2	c4 e2 e9 91 04 4e	vpgatherqq xmm0,QWORD PTR [rsi+xmm1*2],xmm2
gather_58	vpgatherqq xmm0, [rsi+xmm1*4], xmm2	c4 e2 e9 91 04 8e	vpgatherqq xmm0,QWORD PTR [rsi+xmm1*4],xmm2
gather_59	vpgatherqq xmm0, [rsi+xmm1*8], xmm2	c4 e2 e9 91 04 ce	vpgatherqq xmm0,QWORD PTR [rsi+xmm1*8],xmm2
gather_60	vpgatherqq ymm0, [rsi+ymm1*1], ymm2	c4 e2 ed 91 04 0e	vpgatherqq ymm0,QWORD PTR [rsi+ymm1*1],ymm2
gather_61	vpgatherqq ymm0, [rsi+ymm1*2], ymm2	c4 e2 ed 91 04 4e	vpgatherqq ymm0,QWORD PTR [rsi+ymm1*2],ymm2
gather_62	vpgatherqq ymm0, [rsi+ymm1*4], ymm2	c4 e2 ed 91 04 8e	vpgatherqq ymm0,QWORD PTR [rsi+ymm1*4],ymm2
gather_63	vpgatherqq ymm0, [rsi+ymm1*8], ymm2	c4 e2 ed 91 04 ce	vpgatherqq ymm0,QWORD PTR [rsi+ymm1*8],ymm2
