symbol	name	encoding_width	element_bytes	index_bytes	lanes	scale	instruction
gather_0	vgatherdps	16	4	4	4	1	vgatherdps xmm0, [rsi+xmm1*1], xmm2
gather_1	vgatherdps	16	4	4	4	2	vgatherdps xmm0, [rsi+xmm1*2], xmm2
gather_2	vgatherdps	16	4	4	4	4	vgatherdps xmm0, [rsi+xmm1*4], xmm2
gather_3	vgatherdps	16	4	4	4	8	vgatherdps xmm0, [rsi+xmm1*8], xmm2
gather_4	vgatherdps	32	4	4	8	1	vgatherdps ymm0, [rsi+ymm1*1], ymm2
gather_5	vgatherdps	32	4	4	8	2	vgatherdps ymm0, [rsi+ymm1*2], ymm2
gather_6	vgatherdps	32	4	4	8	4	vgatherdps ymm0, [rsi+ymm1*4], ymm2
gather_7	vgatherdps	32	4	4	8	8	vgatherdps ymm0, [rsi+ymm1*8], ymm2
gather_8	vgatherqps	16	4	8	2	1	vgatherqps xmm0, [rsi+xmm1*1], xmm2
gather_9	vgatherqps	16	4	8	2	2	vgatherqps xmm0, [rsi+xmm1*2], xmm2
gather_10	vgatherqps	16	4	8	2	4	vgatherqps xmm0, [rsi+xmm1*4], xmm2
gather_11	vgatherqps	16	4	8	2	8	vgatherqps xmm0, [rsi+xmm1*8], xmm2
gather_12	vgatherqps	32	4	8	4	1	vgatherqps xmm0, [rsi+ymm1*1], xmm2
gather_13	vgatherqps	32	4	8	4	2	vgatherqps xmm0, [rsi+ymm1*2], xmm2
gather_14	vgatherqps	32	4	8	4	4	vgatherqps xmm0, [rsi+ymm1*4], xmm2
gather_15	vgatherqps	32	4	8	4	8	vgatherqps xmm0, [rsi+ymm1*8], xmm2
gather_16	vgatherdpd	16	8	4	2	1	vgatherdpd xmm0, [rsi+xmm1*1], xmm2
gather_17	vgatherdpd	16	8	4	2	2	vgatherdpd xmm0, [rsi+xmm1*2], xmm2
gather_18	vgatherdpd	16	8	4	2	4	vgatherdpd xmm0, [rsi+xmm1*4], xmm2
gather_19	vgatherdpd	16	8	4	2	8	vgatherdpd xmm0, [rsi+xmm1*8], xmm2
gather_20	vgatherdpd	32	8	4	4	1	vgatherdpd ymm0, [rsi+xmm1*1], ymm2
gather_21	vgatherdpd	32	8	4	4	2	vgatherdpd ymm0, [rsi+xmm1*2], ymm2
gather_22	vgatherdpd	32	8	4	4	4	vgatherdpd ymm0, [rsi+xmm1*4], ymm2
gather_23	vgatherdpd	32	8	4	4	8	vgatherdpd ymm0, [rsi+xmm1*8], ymm2
gather_24	vgatherqpd	16	8	8	2	1	vgatherqpd xmm0, [rsi+xmm1*1], xmm2
gather_25	vgatherqpd	16	8	8	2	2	vgatherqpd xmm0, [rsi+xmm1*2], xmm2
gather_26	vgatherqpd	16	8	8	2	4	vgatherqpd xmm0, [rsi+xmm1*4], xmm2
gather_27	vgatherqpd	16	8	8	2	8	vgatherqpd xmm0, [rsi+xmm1*8], xmm2
gather_28	vgatherqpd	32	8	8	4	1	vgatherqpd ymm0, [rsi+ymm1*1], ymm2
gather_29	vgatherqpd	32	8	8	4	2	vgatherqpd ymm0, [rsi+ymm1*2], ymm2
gather_30	vgatherqpd	32	8	8	4	4	vgatherqpd ymm0, [rsi+ymm1*4], ymm2
gather_31	vgatherqpd	32	8	8	4	8	vgatherqpd ymm0, [rsi+ymm1*8], ymm2
gather_32	vpgatherdd	16	4	4	4	1	vpgatherdd xmm0, [rsi+xmm1*1], xmm2
gather_33	vpgatherdd	16	4	4	4	2	vpgatherdd xmm0, [rsi+xmm1*2], xmm2
gather_34	vpgatherdd	16	4	4	4	4	vpgatherdd xmm0, [rsi+xmm1*4], xmm2
gather_35	vpgatherdd	16	4	4	4	8	vpgatherdd xmm0, [rsi+xmm1*8], xmm2
gather_36	vpgatherdd	32	4	4	8	1	vpgatherdd ymm0, [rsi+ymm1*1], ymm2
gather_37	vpgatherdd	32	4	4	8	2	vpgatherdd ymm0, [rsi+ymm1*2], ymm2
gather_38	vpgatherdd	32	4	4	8	4	vpgatherdd ymm0, [rsi+ymm1*4], ymm2
gather_39	vpgatherdd	32	4	4	8	8	vpgatherdd ymm0, [rsi+ymm1*8], ymm2
gather_40	vpgatherqd	16	4	8	2	1	vpgatherqd xmm0, [rsi+xmm1*1], xmm2
gather_41	vpgatherqd	16	4	8	2	2	vpgatherqd xmm0, [rsi+xmm1*2], xmm2
gather_42	vpgatherqd	16	4	8	2	4	vpgatherqd xmm0, [rsi+xmm1*4], xmm2
gather_43	vpgatherqd	16	4	8	2	8	vpgatherqd xmm0, [rsi+xmm1*8], xmm2
gather_44	vpgatherqd	32	4	8	4	1	vpgatherqd xmm0, [rsi+ymm1*1], xmm2
gather_45	vpgatherqd	32	4	8	4	2	vpgatherqd xmm0, [rsi+ymm1*2], xmm2
gather_46	vpgatherqd	32	4	8	4	4	vpgatherqd xmm0, [rsi+ymm1*4], xmm2
gather_47	vpgatherqd	32	4	8	4	8	vpgatherqd xmm0, [rsi+ymm1*8], xmm2
gather_48	vpgatherdq	16	8	4	2	1	vpgatherdq xmm0, [rsi+xmm1*1], xmm2
gather_49	vpgatherdq	16	8	4	2	2	vpgatherdq xmm0, [rsi+xmm1*2], xmm2
gather_50	vpgatherdq	16	8	4	2	4	vpgatherdq xmm0, [rsi+xmm1*4], xmm2
gather_51	vpgatherdq	16	8	4	2	8	vpgatherdq xmm0, [rsi+xmm1*8], xmm2
gather_52	vpgatherdq	32	8	4	4	1	vpgatherdq ymm0, [rsi+xmm1*1], ymm2
gather_53	vpgatherdq	32	8	4	4	2	vpgatherdq ymm0, [rsi+xmm1*2], ymm2
gather_54	vpgatherdq	32	8	4	4	4	vpgatherdq ymm0, [rsi+xmm1*4], ymm2
gather_55	vpgatherdq	32	8	4	4	8	vpgatherdq ymm0, [rsi+xmm1*8], ymm2
gather_56	vpgatherqq	16	8	8	2	1	vpgatherqq xmm0, [rsi+xmm1*1], xmm2
gather_57	vpgatherqq	16	8	8	2	2	vpgatherqq xmm0, [rsi+xmm1*2], xmm2
gather_58	vpgatherqq	16	8	8	2	4	vpgatherqq xmm0, [rsi+xmm1*4], xmm2
gather_59	vpgatherqq	16	8	8	2	8	vpgatherqq xmm0, [rsi+xmm1*8], xmm2
gather_60	vpgatherqq	32	8	8	4	1	vpgatherqq ymm0, [rsi+ymm1*1], ymm2
gather_61	vpgatherqq	32	8	8	4	2	vpgatherqq ymm0, [rsi+ymm1*2], ymm2
gather_62	vpgatherqq	32	8	8	4	4	vpgatherqq ymm0, [rsi+ymm1*4], ymm2
gather_63	vpgatherqq	32	8	8	4	8	vpgatherqq ymm0, [rsi+ymm1*8], ymm2
